Polling Station No.,Building,Polling Areas
1,Hindu Primary SchoolKurankani,"1.Mavadipannai (R.V), Kurangkani (p) Sannathi street block 1 , 2.Mavadipannai (R.V), Kurangkani (P) Kurangkani Block 2 , 3.Mavadipannai (R.V), Kurangkani (P) Manjal vilai Block 3 , 4.Mavadipannai (R.V), Kurangkani (P) Thottiyan kudiruppu Block 4,99.OVERSEAS ELECTORS"
2,Govt High Secondary School west BuildingMaveedupannai,"1.thenthiruperai (S.G.T.P) Manalmedu , 2.thenthiruperai (S.G.T.P) Manalmedu North Street , 3.thenthiruperai (S.G.T.P) Padara Street , 4.thenthiruperai (S.G.T.P) NaduStreet , 5.thenthiruperai (S.G.T.P) SanathiStreet , 6.thenthiruperai (S.G.T.P) Kelamadaveethi , 7.thenthiruperai (S.G.T.P) North MadaStreet , 8.thenthiruperai (S.G.T.P) North rathaveethni , 9.thenthiruperai (S.G.T.P) South Street,ward-10, 10.thenthiruperai (S.G.T.P) Kasbha Maveedu pannai , 11.thenthiruperai (S.G.T.P) West Street,99.OVERSEAS ELECTORS"
3,"Panchayat Union Primary School New Building North Portion, 1st RoomThenthiruperai","1.thenthiruperai (S.G.T.P) PuliamaraStreet , 2.thenthiruperai (S.G.T.P) Arundhathier Street , 3.thenthiruperai (S.G.T.P) Kaliamman Kovil Street , 4.thenthiruperai (S.G.T.P) Yadavar Street , 5.thenthiruperai (S.G.T.P) Thevar Street , 6.thenthiruperai (S.G.T.P) Pillaiyar Kovil Street , 7.thenthiruperai (S.G.T.P) Kurangkani Road , 8.thenthiruperai (S.G.T.P) Arignnar Anna Street , 9.thenthiruperai (S.G.T.P) Mahathma Gandi Road , 10.thenthiruperai (S.G.T.P) Kaleyammankovil Street Ward - 1 , 11.thenthiruperai (S.G.T.P) Yadavar Street Santhu -1 Ward - 1 , 12.thenthiruperai (S.G.T.P) Yadavar Street Santhu - 2 Ward - 1 , 13.thenthiruperai (S.G.T.P) Yadavar Street Santhu - 3 Ward - 1 , 14.thenthiruperai (S.G.T.P) Yadavar Street Santhu - 4 Ward - 1 , 15.thenthiruperai (S.G.T.P) Thevar Street - 1 Ward - 6,99.OVERSEAS ELECTORS"
4,Panchayat Union Primary School New Building Middle RoomThenthiruperai,"1.thenthiruperai (S.G.T.P) Sundarapandi vinayagar Street , 2.thenthiruperai (S.G.T.P) Sivan Kovil Street , 3.thenthiruperai (S.G.T.P) marthandam pillai Street , 4.thenthiruperai (S.G.T.P) PuduStreet , 5.thenthiruperai (S.G.T.P) TheradiStreet , 6.thenthiruperai (S.G.T.P) Authour road , 7.thenthiruperai (S.G.T.P) Subbiyar Street , 8.thenthiruperai (S.G.T.P) Marthandampillai Santhi South Street , 9.thenthiruperai (S.G.T.P) Merasupillai Street , 10.thenthiruperai (S.G.T.P) Maruthuvar Street -1 Ward - 6 , 11.thenthiruperai (S.G.T.P) Maruthuvar Street - 2 Ward - 6 , 12.thenthiruperai (S.G.T.P) Pandither nadu Street , 13.thenthiruperai (S.G.T.P) New Athuor road , 14.thenthiruperai (S.G.T.P) Melarathaveethi,99.OVERSEAS ELECTORS"
5,"T.N.D.T.A Primary School, Block 4Rajapathi.","1.Rajapathy (R.V) And (P) Rajapathy kasbhanorth Block 1 , 2.Rajapathy (R.V) And (P) Sethu Subramaniyapuram Block 2 , 3.Rajapathy (R.V) And (P) Thiruvela vattam Blocl 3 , 4.Rajapathy (R.V) And (P) Rajapathy Naduvoor Southuvoor Block 4 , 5.Rajapathy (R.V) And (P) Manathi Melauvoor Block 5 , 6.Rajapathy (R.V) And (P) Karavelai Block 6 , 7.Rajapathy (R.V) And (P) Karutthankudiruppu Block 1 , 8.Rajapathy (R.V) And (P) Manathi keelauvoor Block 5,99.OVERSEAS ELECTORS"
6,"TN.D.T.A Primary School East Portion, Kulaikkangudi Block 5,Kurukattur","1.Kurukattur (R.V) And (P) Thottiyankudiyiiruppu Block 1 , 2.Kurukattur (R.V) And (P) Erandam Pannavellai Block 2 , 3.Kurukattur (R.V) And (P) North Kottuor Block 3 , 4.Kurukattur (R.V) And (P) Muthuramalingapuram Block 4 , 5.Kurukattur (R.V) And (P) Kuttiyalaganoor Block 6 , 6.Kurukkaatoor (R.V) And (P) Kurukkaatoor North Street Block 8,99.OVERSEAS ELECTORS"
7,"TN.D.T.A Primary School West Portion, Kulaikkangudi Block 5,Kurukattur","1.Kurukattur (R.V) And (P) Rasaangapuram Block 5 , 2.Kurukattur (R.V) And (P) South Kottuor Block 7 , 3.Kurukattur (R.V) And (P) Kurukattur Melauvor Block 9 , 4.Kurukattur (R.V) And (P) Kurukattur Keelauvor Block 10,99.OVERSEAS ELECTORS"
8,Anganwadi Centre Keelakallaamparai.,"1.thenthiruperai (S.G.T.P) ManathiKutti Thottam Ward 3 , 2.thenthiruperai (S.G.T.P) Mela kallaampaarai , 3.thenthiruperai (S.G.T.P) Keelakalamparai , 4.thenthiruperai (S.G.T.P) Pandimaar Street,99.OVERSEAS ELECTORS"
9,Panchayat Union Primary SchoolMelakadamba,"1.thenthiruperai (S.G.T.P) Melakadamba vadakkuoor , 2.thenthiruperai (S.G.T.P) Melakadambha Therkkoor Ward 4 , 3.thenthiruperai (S.G.T.P) Muthukrishnapuram , 4.thenthiruperai (S.G.T.P) Kuttakarai , 5.thenthiruperai (S.G.T.P) Sivasubbramaniyapuram , 6.thenthiruperai (S.G.T.P) Annanagar , 7.thenthiruperai (S.G.T.P) Sivasubbramaniyapuramsendhu-1 Ward - 5 , 8.thenthiruperai (S.G.T.P) Siva subramaniyapuram sendhu 2 Ward - 5,99.OVERSEAS ELECTORS"
10,"Panchayat Union Middle School, East Building, Puraiur","1.Puraiyoor (R.V) And (P) Pandaravelaiuvor Block 1 , 2.Puraiyoor (R.V) And (P) Alauvkkaran colony Block 1 , 3.Puraiyoor (R.V) And (P) Palaniyandi colony Block 1 , 4.Puraiyoor (R.V) And (P) Vannar villai Block 1 , 5.Puraiyoor (R.V) And (P) Paneermaadan colony Block 1 , 6.Puraiyoor (R.V) And (P) Annaiyappa pillai Sathiram block 1 , 7.Puraiyoor (R.V) And (P) Melastreet Block 2 , 8.Puraiyoor (R.V) And (P) North Street Block 2 , 9.Puraiyoor (R.V) And (P) Odaikkarai Block 2 , 10.Puraiyoor (R.V) And (P) ChinaStreet Block 3 , 11.Puraiyoor (R.V) And (P) Parather Street BLOCK 3 , 12.Puraiyoor (R.V) And (P) KammangkudiStreet BLOCK 3 , 13.Puraiyoor (R.V) And (P) Salaiyadi Street Block 5 , 14.Puraiyoor (R.V) And (P) Palli Street Block 3 , 15.Puraiyur (R.V) And (P) Kattapulitheradu Block 1 , 16.Puraiyur (R.V) And (P) Nettaiyan Colony Block 1,99.OVERSEAS ELECTORS"
11,"Hindu Primary School East Building, Agappaikulam","1.Nazareth (S.G.T.P) Valadi Street 1 , 2.Nazareth (S.G.T.P) ValaiyadiStreet 2 , 3.Nazareth (S.G.T.P) Valaiyadi Street 3 , 4.Nazareth (S.G.T.P) Valaiyadi Street 4 , 5.Nazareth (S.G.T.P) Valaiyadi Street 5 , 6.Nazareth (S.G.T.P) Valaiyadi Street 6 , 7.Nazareth (S.G.T.P) Valaiyadi Street 7 , 8.Nazareth (S.G.T.P) Valaiyadi Street 8 , 9.Nazareth (S.G.T.P) Valaiyadi Street 9 , 10.Nazareth (S.G.T.P) Valaiyadi Street 10 Jabagnanapuram Ward 8 , 11.Nazareth (S.G.T.P) Agapaikkulam Street 1 , 12.Nazareth (S.G.T.P) Agaipaikkulam 12 , 13.Nazareth (S.G.T.P) Agaipaikulam Street 11 , 14.Nazareth (S.G.T.P) Agaipaikkulam Street 2 , 15.Nazareth (S.G.T.P) Agaipaikulam Street 3 , 16.Nazareth (S.G.T.P) Agaipaikkulam Street 4 , 17.Nazareth (S.G.T.P) Agaipaikulam Steet 5 , 18.Nazareth (S.G.T.P) Agaipaikkulam street 6 , 19.Nazareth (S.G.T.P) Agaipaikkulam Street 7 , 20.Nazareth (S.G.T.P) Agaipaikulam Street 8 , 21.Nazareth (S.G.T.P) Agaipaikulam Street 9 , 22.Nazareth (S.G.T.P) Agaipaikkulam Street 10,99.OVERSEAS ELECTORS"
12,"Margochis Higher Secondary School Room No 6 Standard 11C,Nazareth","1.Nazareth (S.G.T.P) Draviyapuram , 2.Nazareth (S.G.T.P) Brotherton Street , 3.Nazareth (S.G.T.P) Jubilee Street , 4.Nazareth (S.G.T.P) Nattaiar Street , 5.Nazareth (S.G.T.P) East Street , 6.Nasrath (S.G.T.P) Masilas Street Ward 12,99.OVERSEAS ELECTORS"
13,Margochis Higher Secondary School Class Room 11A StdNazareth,"1.Nazareth (S.G.T.P) Market street ward 6 , 2.Nazareth (S.G.T.P) Thirumaraiuoor , 3.Nasrath (S.G.T.P) Y.M.CA Sadukam 1st Street Ward 12 , 4.Nasrath (S.G.T.P) Y.M.CA Sadukam 2nd Street Ward 12 , 5.Nasrath (S.G.T.P) Y.M.CA Sadukam 3rd Street Ward 12, 6.Nazareth (S.G.T.P) Kanagaraj Street ward 12.,99.OVERSEAS ELECTORS"
14,"Margochis Higher Secondary School, Class Room4th Std 12BNazareth","1.Nazareth (S.G.T.P) 2nd kailasapuram street ward 9 , 2.Nazareth (S.G.T.P) 1 Gemar Street , 3.Nazareth (S.G.T.P) Kailasapuram Street , 4.Nazareth (S.G.T.P) Willams Street , 5.Nazareth (S.G.T.P) Lasaras Street , 6.Nazareth (S.G.T.P) Sethirabalan Street , 7.Nazareth (S.G.T.P) Kornelious Street , 8.Nazareth (S.G.T.P) Samual Iyyer Street , 9.Nazareth (S.G.T.P) Hospital Road,99.OVERSEAS ELECTORS"
15,"St.Joseph R.C. Primary School East Portion Class Room 1 and 2Kandasamipuram, Nazareth","1.Nazareth (S.G.T.P) kandasamypuram First Street , 2.Nazareth (S.G.T.P) Kandasamypuram 2nd Street , 3.Nazareth (S.G.T.P) Kandasamypuram 3rd Street , 4.Nazareth (S.G.T.P) Thiruvalluvar colony,99.OVERSEAS ELECTORS"
16,"St.Joseph R.C. Primary School East Portion Class Room 4 and 5, Kandasamipuram,Kandasamipuram, Nazareth","1.Nazareth (S.G.T.P) Vaguthan Kuppam 4th Street , 2.Nazareth (S.G.T.P) VaguthanKuppam 5th Street , 3.Nazareth (S.G.T.P) Vaguthan Kuppam 6 Street , 4.Nazareth (S.G.T.P) Vaguthan Kuppam 7th Street , 5.Nazareth (S.G.T.P) Vaguthan Kuppam Road 6.Nazareth (S.G.T.P) Mill Road , 7.Nazareth (S.G.T.P) Manikkavasakepuram Ward - 11,99.OVERSEAS ELECTORS"
17,"St.Joseph . Primary School West Portion Std 4th Class RoomKanthasamy puram ,Nazareth.","1.Nazareth (S.G.T.P) Bethaniya nagar , 2.Nazareth (S.G.T.P) Maninagar , ,99.OVERSEAS ELECTORS"
18,"T.N.D.T.A Kaspa Primary School, East BuildingDhosan Street ,Nazareth","1.Nazareth (S.G.T.P) Sanathi Street , 2.Nazareth (S.G.T.P) ethan Street , 3.Nazareth (S.G.T.P) Dosan Street , 4.Nazareth (S.G.T.P) Rani Queen Street , 5.Nazareth (S.G.T.P) Petter Street , 6.Nazareth (S.G.T.P) Kalanjiyam , 7.Nazareth (S.G.T.P) Stayply Street , 8.Nazareth (S.G.T.P) Jubilee Street,99.OVERSEAS ELECTORS"
19,"T.N.D.T.A Kaspa Primary School, South Building, Middle Portion, Dhasan Street, Nazareth","1. Nazareth (S.P) Kovil Street 2) Nazareth (S.G.T.P) Immanual Street , 3) .Nazareth (S.G.T.P) Asirwathapuram ,,99.OVERSEAS ELECTORS"
20,Dr.MaduramTN.D.T.A Middle School South BuildingNazareth,"1.Nazareth (S.G.T.P) DenialStreet , 2.Nazareth (S.G.T.P) Samuel Street , 3.Nasarath(S.G.T.P) Samu gnaana Vilas Street Ward 15 4.Nazareth (S.G.T.P) Moses Street Ward 16 ,99.OVERSEAS ELECTORS"
21,Dr.MaduramTN.D.T.A Middle School North BuildingNazareth,"1.Nazareth (S.G.T.P) Viayabarikal Street , 2.Nazareth (S.G.T.P) Packyapuram , 3.Nazareth (S.G.T.P) 2th Isack Street ,,99.OVERSEAS ELECTORS"
22,"St. Mariannai Middle School, Room 2,Prakasapuram ,Nazareth","1.Nazareth (S.G.T.P) Prakasapuram 1 Street Ward 3 , 2.Nazareth (S.G.T.P) Prakasapuram 2nd Street Ward 3 , 3.Nazareth (S.G.T.P) Prakasapuram 3rd Street Ward 3 , 4.Nazerath Prakasapuram 4m Street Ward 3 , 5.Nazarath (S.G.T.P) Prakasapuram 5th Street Ward 18 , 6.Nazarath (S.G.T.P) Prakasapuram Ward 3,99.OVERSEAS ELECTORS"
23,"St. Mariannai Middle School, Room No.3Prakasapuram ,Nazareth","1.Nazareth (S.G.T.P) Vinayagar Street Ward 18 , 2.Nazareth (S.G.T.P) JeyapandianStreet Ward 18 , 3.Nazareth (S.G.T.P) Margoschis Street Ward 18 , , 4.Nazareth (S.G.T.P) First Isack Street , 5.Nazareth (S.G.T.P) Margoschis Road Ward 16 , 6.Nazarath (S.G.T.P) N.T.N Street 1st Lane Ward 18,99.OVERSEAS ELECTORS"
24,"James Memorial Metriculation Higher Secondary of S.D.A. School, Elemantry Section Building, 4th RoomPriakasapuram","1.Nazareth (S.G.T.P) Velarikkuoorani Pudu Street , 2.Nazareth (S.G.T.P) Velarikkaiyoorani New Street 2 Street , 3.Nazareth (S.G.T.P) Velarikkaiuorani Pudu Street 3rd street , 4.Nazareth (S.G.T.P) Velarikkaiuoorani Pudutheru 4th Street , 5.Nazareth (S.G.T.P) Velarikkaiuoorani Pudutheru 5th Street , 6.Nazareth (S.G.T.P) Prakasapuram First Street , 7.Nazareth (S.G.T.P) Prakasapuram second Street , 8.Nazareth (S.G.T.P) Prakasapuram 3rd Street , 9.Nazareth (S.G.T.P) Prakasapuram 4th Street , 10.Nazareth (S.G.T.P) Prakasapuram 5th Street , 11.Nazareth (S.G.T.P) Prakasapuram 6th Street Block 2 , 12.Nazareth (S.G.T.P) Prakasapuram 7th Street Block 2 , 13.Nazareth (S.G.T.P) Prakasapuram 8th Street Block 2 , 14.Nazareth (S.G.T.P) Prakasapuram 1st Street Block 1 , 15.Nazareth (S.G.T.P) Prakasapuram 2nd Street Block 1,99.OVERSEAS ELECTORS"
25,"Eka Iratchakar Sabai Middle School East Building, South portion, (Ground Floor)Mookkuperi","1.Mookkuperi (R.V) And (p) South street block 8 , 2.Mookkuperi (R.V) And (P) Kovil Street Block 9 , 3.Mookkuperi (R.V) And (P) Old Post Office Street Block 10 , ,99.OVERSEAS ELECTORS"
26,Eka Iratchakar Sabai Middle School East Building North Portion (Ground Floor)Mookkuperi,"1. Mookkuperi (R.V) And (P) Gnanarajnagar Post Office Street BLock 11 , 2.Mookkuperi (R.V) And (P) Chithar Street Block 12,99.OVERSEAS ELECTORS"
27,St. Marks Higher Secondary School Middle Building West Portion (Class 10 B)Mookkuperi,"1.Mookkuberi(R.V) And (p) Mookkuberi block 1 , 2.Mookkuberi (R.V) And (P) Mookkuberi Block 2 , 3.Mookkuperi (R.V) And (P) Mookkuperi Block 3 , 4.Mookkuperi (R.V) And (P) Santhainagar Block 4 , ,99.OVERSEAS ELECTORS"
28,St. Marks Higher Secondary School Middle Building East Portion (Class 10 C)Mookkuperi,"1.Mookkuperi (R.V) And (P) Oyyankudi Block 5 , 2.Mookkuperi (R.V) And (P) Mookkuperi Block 6 , 3.Mookkupeeri (R.V) And (P) Mookkupeeri Block 7,99.OVERSEAS ELECTORS"
29,Asoka Vidhyalaya Middle School Centre Portion 7th Standard roomKatchanavilai,"1.kachanavilai (R.V) And (P) kachanavilai Block 16 , 2.kachanavilai(R.V) And (P) kachanavilai Block 17 , 3.kachanavilai (R.V) And (P) Pattakkarai Block 18 , 4.kachanavilai (R.V) And (P) Pattakkarai Block 19 , 5.kachanavilai (R.V) And (P) Pattiakarai Block 20,99.OVERSEAS ELECTORS"
30,Asoka Vidhyalaya Middle School west PortionKacthanavillai,"1.kachanavilai (R.V) And (P) Ramalingapuram Block 12 , 2.kachanavilai (R.V) And (P) Punnaiyadi Block 13 , 3.kachanavilai (R.V) And (P) Neivelai Block 14 , 4.kachanavilai (R.V) And (P) Neivelai Block 15,99.OVERSEAS ELECTORS"
31,"T.N.D.T.A Primary School, East Building, Ratchiniyapuram, Idaiyenvillai","1.kachanavilai (R.V) And (P) Vadalivilai Block 1 , 2.kachanavilai (R.V) And (P) Vadalivelai Block 2 , 3.kachanavilai (R.V) And (P) Thandaiyarvelai Block 3 , 4.kachanavilai (R.V) And (P) Puraiyoor Block 4 , 5.kachanavilai (R.V) And (P) Puraiuoor Mohamediar street Block 5 , 6.kachanavilai (R.V) And (P) Kannivillai, NallanvillaiBlock 7 , 7.kachanavilai (R.V) And (P) Kattaiyanoor Block 8 , 8.kachanavilai (R.V) And (P) Idaiyanvelai Block 9 , 9.kachanavilai (R.V) And (P) Idaiyanvelai Block 10 , 10.kachanavilai (R.V) And (P) Savarimuthu nadar Kudiruppa Block 11 , 11.kachanavilai (R.V) And (P) Shanmukapuram Block 6,99.OVERSEAS ELECTORS"
32,Panchayat Union Primaryshool west Building Block- 2SethukuVaaithaan,"1.Sethuku vaithan (R.V) And (P) Musulim Street Block 2 , 2.Sethukku vaithan (R.V) And (P) Musleem mela street, parather street, sasthaingkovil street block 3 , 3.Sethukuvaithan (R.V) And (P) Chokkapplamkarai block 6,99.OVERSEAS ELECTORS"
33,"St.Xavier Middle School, Anto Hall,Sethuku Vaithan","1.Sethukkuvaithan (R.V) And (P) Sethukkuvaithan keelastreet block 1 , 2.Sethukkuvaithan (R.V) And (P) Nedungaraipunthottam block 5,99.OVERSEAS ELECTORS"
34,"St.Xavier Middle School, West side BuildingSethuku Vaithan","1.Sethukkuvaithan (R.V) And (P) Nadar street pudunagar block4,99.OVERSEAS ELECTORS"
35,Panchayat Union Primaryschool Eastern BuildingMela Authoor,"1.Mela Authoor (R.V) And (P) Kuchikadu block 1 , 2.Mela Authoor (R.V) And (P) Subbramaniapuram block 2,99.OVERSEAS ELECTORS"
36,Angawadi Centre Eastern Side North Portion Building Mela Authoor,"1.Mela Authoor (R.V) And (P) Mela Mela Authoor block 3 , 2.Mela Authoor (R.V) And (P) Mela Authoor block 4 , 3.Mela Authoor (R.V) And (P) Punnaisathan kurichi block 5,99.OVERSEAS ELECTORS"
37,"R,C. Primaryschool West Side,Koluvainallur, Mela Authoor","1.MelAuthoor (R.V) And (P) Koluvainallur nadar street block 11 , 2.Mela Authoor (R.V) And (P) Koluvainallur parather street block 12 , 3.Mela Authoor (R.V) And (P) Koluvainallur thevar street block 13 ,,99.OVERSEAS ELECTORS"
38,"R,C. Primaryschool East Side,Koluvainallur Mela Authoor","1. Mela Authoor (R.V) And (P) Narasinghanvillai block 14,99.OVERSEAS ELECTORS"
39,"Panchayat Union Middle School South Portion,Pallivasal Theru, TherkuAuthoor","1.Mela Authoor (R.V) And (P) Musleem melastreet block 6 , 2.Mela Authoor (R.V) And (P) Musleem keelastreet block 7,99.OVERSEAS ELECTORS"
40,"PanchayatUnion Middle School ,West PortionPallivasal Theru ,Therku Authoor","1.Mela Authoor (R.V) And (P) Moopanar street block 8 , 2.Mela Authoor (R.V) And (P) Thevar street block 9 , 3.Mela Authoor (R.V) And (P) Nadar street block 10,99.OVERSEAS ELECTORS"
41,"Government Higher Secondary School ,1st Building X st RoomAuthoor","1.Authoor (s.p) South car street ward 5 , 2.Authoor (s.p) Old village ward 5 , 3.Authoor (s.p) West car street ward 5 , 4.Authoor (s.p) North car street ward 8 , 5.Authoor (S.G.T.P) Puliadi street ward 8 , 6.Authoor (S.G.T.P) Mariamman kovil street ward 8,99.OVERSEAS ELECTORS"
42,"Govt.Hr. sec. school ,East Building North Side Ist Room Building,Authoor","1.Authoor (S.G.T.P) Mela street ward , 2.Authoor (S.G.T.P) Mudukkuth streetward 6 , 3.Authoor (S.G.T.P) First Santhai street ward , ,99.OVERSEAS ELECTORS"
43,"Govt.Hr. sec. school , East Middle Building Ist RoomAuthoor","1. Authoor (S.G.T.P) Keelaratha veethi ward 12,9,99.OVERSEAS ELECTORS"
44,Govt. Hr. sec school North PortionAuthoor,"1.Authoor (S.G.T.P) Attankarai street ward 13 , 2.Authoor (S.G.T.P) Musulimwest street ward 14 , 3.Authoor (S.G.T.P) Kulattankarai Street Ward 15 , 4.Authoor (S.G.T.P) Peria street ward 15 , 5.Authoor (S.G.T.P) Rahman street ward 15,99.OVERSEAS ELECTORS"
45,"Shunmuga Sundara Nadar Nursery and Primary School, Main Entrance Northern side, Authoor.Authoor","1) Authoor (S.G.T.P) Maraikayer street ward 10 2) Authoor (S.G.T.P) Pettai street ward 11 3) Authoor (S.G.T.P) Keelamuttharamman koil street ward 11 4)) Authoor (S.G.T.P) Barather street ward 11 5) Authoor (S.G.T.P) Senaiarstreet ward 11 ,99.OVERSEAS ELECTORS."
46,"Shunmuga Sundara Nadar Nursery and Primary School, East Side Middle Room Hall No.3 Std 2A Authoor.Authoor","1) Authoor (S.G.T.P) Muttharammankoil street ward 10 2) Authoor (S.G.T.P) Maruthuvar street ward 11 3) Authoor (S.G.T.P) Thalavaisamy koil theru ward11 4) Authoor (S.G.T.P) Punnakayel road ward 12 5) Authoor (S.G.T.P) Yathavar street ward 13,99.OVERSEAS"
47,"Hindu Primary SchoolKeeranoor, Authoor","1.Authoor (S.G.T.P) Keela Keeranur Ward2 , 2.Authoor (S.G.T.P) Keeranur ward 4,99.OVERSEAS ELECTORS"
48,"Panchayat Union Primary School ,South Building,Thalaivanvadali, Authoor","1.Authoor (S.G.T.P) Thalaivanvadali ward 2,99.OVERSEAS ELECTORS"
49,"Panchayat Union Middle School ,S.S.A BuildingAvaraiur Authoor","1.Authoor (S.G.T.P) Puthunagar Ward 1 , 2.Authoor (S.G.T.P) Avaraiur Ward 1 , 3.Authoor (S.G.T.P) Thalaivanvadali,99.OVERSEAS ELECTORS"
50,"St.Michael R.C. Middle School ,North building ,Eastern PortionSernthamangalam","1.Sernthamangalam (R.V) And (P) Sernthamangalam kasba block 1,99.OVERSEAS ELECTORS"
51,"St.Michael R.C. Middle School ,North building ,Western PortionSernthamangalam","1.Sernthamangalam (R.V) And (P) Parather street block 2 , 2.Sernthamangalam (R.V) And (P) Maravar street block 3 , 3.Serntha poo Mangalam(R.V), Mukkani (P) Serntha poo Mangalam Block 11,99.OVERSEAS ELECTORS"
52,Panchayat Union Primary SchoolSelvan Pudianur,"1.Sernthamangalam (R.V) And (P) Kumarapannaiur selvanpuduyanur block 4,99.OVERSEAS ELECTORS"
53,St.Joseph Higher Secnodary School North Facing Building Centre RoomPunnakayal,"1.Punnakayal (R.V) And (P) South street block 1(Door No 01-79),99.OVERSEAS ELECTORS"
54,St.Joseph Higher Secnodary School North Facing Building West side RoomPunnakayal,"1.Punnakayal (R.V) And (P) South street block 1 ( Door No.79-797),99.OVERSEAS ELECTORS"
55,"St. Joseph Higher Secondary School West portion, PunnakayalPunnakayel","1.Punnakayal (R.V) And (P) North street block 3,99.OVERSEAS ELECTORS"
56,St. Joseph Higher Sec. School East portionPunnakayel,"1.Punnakayal (R.V) And (P) Ponmanicka street block 4,99.OVERSEAS ELECTORS"
57,"St. Joseph Primary School, West PortionPunnakayal","1.Punnakayal (R.V) And (P) South street (iruthayapuram,bowlanagr ) Block 1,99.OVERSEAS ELECTORS"
58,"St. Joseph Primary School, Eastren PortionPunnakayal","1.Punnakkayal (R.V) And (P) Nooruveedu block 1,99.OVERSEAS ELECTORS"
59,"St. Marys Middle School, New Building, South side, III-Std Punnakayal","1.Punnakayal (R.V) And (P) Melastreet block 2 (Door No. 01-64),99.OVERSEAS ELECTORS"
60,"St. Marys Middle School, New Building, North side, VII-Std Punnakayal","1.Punnakayal (R.V) And (P) Melastreet block 2 (Door No. 64 - 569),99.OVERSEAS ELECTORS"
61,"Grama Middle School, Main Building, VellakoilVellakoil, suganthalai","1.Suganthalai (R.V) And (P) Suganthalai kasba block 1 , 2.Suganthalai (R.V) And (P) Velakkovil block 2 , 3.Suganthalai (R.V) And (P) Suganthalai colony Block 3,99.OVERSEAS ELECTORS"
62,"T.N.D.T.A. Esakki DuraisaamyNadar HighSchool North Portion, Miss.Grace Pappa BulidingNorth Maranthalai","1.Suganthalai (R.V) And (P) Maranthalai block 3,99.OVERSEAS ELECTORS"
63,"Hindu Middle School , Eastern Side Building Varandiavel and Agopalapuram, Suganthalai.","1.Suganthalai (R.V) , Varandivel (P) Maykkan nadar kudiruppu block 1 , 2.Sungathalai (R.V), Varandivel (P) Varandivel block 2 , 3.Suganthalai (R.V) Varandivel (P) A. Gopalapuram Thanneerpanthal Block 3,99.OVERSEAS ELECTORS"
64,"Barathi Primary School , North BuildingAlagappapuram","1.Angamangalam (R.V) Alagappapuram (P) West alagappapuram block 1 , 2.Angamangalam ( R.V) Alagappapuram (P) East Alagappapuram block 2 , 3.Angamangalam (R.V) Alagappapuram (P) Periamuthuvilai block 3 , 4.Angamangalam (R.V) , Angamanagalam (P) Arulananthapuram block 9,99.OVERSEAS ELECTORS"
65,"St. Lucia High School, New Building East Portion VIII A Kurumbur","1.Angamangalam (R.V) And (P) Thonippalam subbramaniapuram block 1 , 2.Angamangalam (R.V) And (P) Arunththayar colony block 2 , 3.Angamangalam (R.V) And (P) Maylodai Block 2 , 4.Angamangalam (R.V) and (P) Bharather north street block 3, 5.Angamangalam (R.V) Angamanagalam (P) Bharathar south street block 8,99.OVERSEAS ELECTORS"
66,"St. Lucia High School, South Centre Portion Building IX AKurumbur","1.Angamangalam (R.V) And (P) Kottarvilai block 5 , 2.Angamangalam (R.V) And (P) Annanager block 5 , 3.Angamangalam (R.V) And (P) Angamangalam block 5 , 4.Angamangalam (R.V) And (P) Sundaramoorthyiapuram Block 6 , ,99.OVERSEAS ELECTORS"
67,"St. Lucia High School , South Building VI Std West PortionKurumbur","1.Angamangalam (R.V) And (P) North musleem block 4 , 2.Angamangalam (R.V) And (P) Periya musulim street block 7,99.OVERSEAS ELECTORS"
68,"T.N.D.T.A Primary School,North Shunmugapuram West PortionKurumbur","1.Nalumavadi (R.V) And (P) North shunmugapuram sundrarajapuram block 1 ,99.OVERSEAS ELECTORS"
69,"T.N.D.T.A Primary School,North Shunmugapuram East PortionKurumbur","1.Nalumavadi (R.V) And (P) Kurumbur (nalumavadi ) block 2,99.OVERSEAS ELECTORS"
70,"TN.D.T.A Middle School , Middle Room VIII Std,Nalumavadi","1.Nalumavadi (R.V) And (P) Nalumavadi South Street Block 8 , 2.Nalumavadi (R.V) And (P) Thevar street musleem street block 9 , 3.Nalumavadi (R.V) And (P) Christenstreet (kovil street) block 10,99.OVERSEAS ELECTORS"
71,"TN.D.T.A Middle School , South Room IV Std,Nalumavadi","1.Nalumavadi (R.V) And (P) Melastreet (samynagar) block 11 , 2.Nalumavadi (R.V) And (P) Vadakku street block 12,99.OVERSEAS ELECTORS"
72,"Sri Ganesar Hr, Sec, School,West BuildingPanikkaNadarKudiyiruppu","1.Nalumavadi (R.V) And (P) Valasubbramaniapuram block 3 , 2.Nalumavadi (R.V) And (P) Thirumalarpuram Block 4 , 3.Nalumavadi (R.V) And (P) Keela nalumavadi block 5 , 4.Nalumavadi (R.V) And (P) PanikkaNadar kudiyiruppu block 6,99.OVERSEAS ELECTORS"
73,"Sri Ganesar Hr, Sec School,East BuildingPanikkaNadarKudiyiruppu","1.Nalumavadi (R.V) And (P) Panikkanadar kudiruppu westside block 7 , 2.Nalumavadi (R.V) And (P) Lakshmipuram block 13,99.OVERSEAS ELECTORS"
74,"Grama Panchayat E-Service centre building, Nallur","1.Nallur (R.V) and (P) North nallur block 1 , 2.Nallur (R.V) and (P) Suyambulingapuram Block 1 , 3.Nallur (R.V) And (P) Kulakkanathapuram Block 1 , 4.Nallur (R.V) And (P) South nallur block 2 , 5.Nallur (R.V) And (P) Nallur block 2,99.OVERSEAS ELECTORS"
75,"Panchayat Union Primery School,North BuildingNallur","1.Nallur (R.V) And (P) Pillaimar Street Block 3 , 2.Nallur (R.V) and (P) Asarimar street block 3 , 3.Nallur (R.V) And (P) Nagkanniyapuram block 4 , 4.Nallur (R.V) And (P) Muthumalaivillai block 4 , 5.Nallur (R.V) And (P) Kuranganthattu block 6 , 6.Nallur (R.V) And (P) Sasthanvillai block 7,99.OVERSEAS ELECTORS"
76,"T.N.D.T.A Middle School, South BuildingVeeramanickam","1.veeramanickam (R.V) And (P) veeramanickam Block 1 , 2.veeramanickam (R.V) And (P) Ambalaprappu Block 2,99.OVERSEAS ELECTORS"
77,"Devakani Primary School , West portionMelapudhukkudi","1.Melapudukudi (R.V) And (P) Melapudhukudi Sunaipudhur Block 1 , 2.Melapudhukkudi (R.V) And (P) Melapudhukkudi Koorinthan Villai Block2,99.OVERSEAS ELECTORS"
78,"Panchayat Union Primary School, Middle BuildingAmmanpuram","1) Ammanpuram (R.V) And (P) Agarakaram Street Block 1 2) Ammanpuram (R.V) And (P) Kailasapuram Block 1 , 3) Ammanpuram (R.V) And (P) Thiruvalluvar Street East Block 1 , 4) Ammanpuram (R.V) And (P) Pilayarkovil Street Block1 , 5) Ammanpuram (R.V) And (P) Ganavillai Block 1 , 6) Ammanpuram (R.V) And (P) Pudur Street Block 1 ,99.OVERSEAS ELECTORS"
79,"Panchayat Union Primary School, East Building, East Portion, Ammanpuram","1) Ammanpuram (R.V) And (P) Main Road Block 1 , 2) Ammanpuram (R.V) And (P) Keelapudukudi Vadakkoor Block 2 , 3) Ammanpuram (R.V) And (P) Thiruvalluvar Street West Block 2 , 4) Ammanpuram (R.V) And (P) Keelapudhukudi Therkkuoor Block 2 , 5) Ammanpuram (R.V) And (P) Kulakkarai South North Block 2 6) Ammanpuram (R.V) And (P) KuranganThattu Block 2 ,7) Ammanpuram (R.V) And (P) Muthumaalai vilai Block 2,99.OVERSEAS ELECTORS"
80,Hindu Primary SchoolMoolakkarai,"1.Moolakkarai (R.V) And (P) Kandankudiruppu MelaStreet Block 1 , 2.Moolakkarai (R.V) And (P) Kandankudiruppau North Street Block 2 , 3.Moolakkarai (R.V) And (P) Kuppathrade Subhas Street Natustreet Blcok 3 , 4.Moolakkarai (R.V) And (P) Keela Street South Street Block 4,99.OVERSEAS ELECTORS"
81,"Hindu Hr Sec School Dr.Sivanthi Aditanar Hall, South Side, Class XAArumuganeri","1.Arumuganeri (S.G.T.P) Kaniyalar street ward 23 , 2.Arumuganeri (S.G.T.P) Swamy sanathi street ward 2 , 3.Arumuganeri (S.G.T.P) Swamy Sannathi South Street Ward 2 , 4.Arumuganaeri (S.G.T.P) Kaniyalar South Street Ward 3,99.OVERSEAS ELECTORS"
82,"Panchayat Union Primary School, ValavilaiArumuganeri","1.Arumuganeri (S.G.T.P) Keela Navvaladivilai sandu ward 2 , 2.Arumuganeri (S.G.T.P) Keelanavaladivillai north street ward 2 , 3.Arumuganeri (S.G.T.P) Keelanowladivillai north street 1 sandu , 4.Arumuganeri (S.G.T.P) Keelanowladivilai North Street 2nd Sandu , 5.Arumuganeri (S.G.T.P) Keelanowladivilai North Street 3rd sandu , 6.Arumuganeri (S.G.T.P) Keelanowladivilai northstreet 4rh sandu , 7.Arumuganeri (S.G.T.P) Keelanowladi villai Center Street Ward 2 , 8.Arumuganaeri (S.G.T.P) Saltline north street ganeshpuram,99.OVERSEAS ELECTORS"
83,"Panchayat Union Middle School, West Side BuildingSelvarajapuram ,Arumuganeri","1.Arumuganeri (S.G.T.P) Selvarajapuram ward 18 , 2.Arumuganeri (S.G.T.P) Perumalpuram ward 18 , 3.Arumuganeri (S.G.T.P) Periyaanvilai ward 18,99.OVERSEAS ELECTORS"
84,"Thiraviam Primery School, Peter Hall, Arumuganeri","1.Arumuganaeri (S.G.T.P) KutthukalswamyKoil Street Ubachandhu Ward 17 , 2.Arumuganeri (S.G.T.P) Gandhi street ward 17 , 3.Arumuganeri (S.G.T.P) Center Street Ward 17 , 4.Arumuganeri (S.G.T.P) Lakshmiammankovil street ward 17 , 5.Arumuganeri (S.G.T.P) Mutharammankovil Street Ward 17 , 6.Arumuganeri (S.G.T.P) Narayanaswamy Koil Street Ward 17 , 7.Arumuganeri (S.G.T.P) ValavillaiMutharammankovil Ward 17 , 8.Arumuganeri (S.G.T.P) Mela Navvaladi vilai Ward 17 , 9.Arumuganeri (S.G.T.P) Elangathammankovil Street Ward 17 , 10.Arumuganeri (S.G.T.P) Kuthukkal Swamy Kovil Street Ward 17 , 11.Arumuganeri (S.G.T.P) L.F.Road Sub Santhu Ward -17,99.OVERSEAS ELECTORS"
85,"Kamaraj Somasundari Nursery & Primary School,East PortionSomasundar Amman Koil Street, Arumuganeri","1.Arumuganeri (S.G.T.P) Logalpandu road Keelpagam Ward 1 , 2.Arumuganeri (S.G.T.P) Localfund Road Melpakam Ward 1 , 3.Arumuganeri (S.G.T.P) Keelashanmugapuram ward 1 , 4.Arumuganeri (S.G.T.P) Melashanmugapuram Ward 1,99.OVERSEAS ELECTORS"
86,"Kamaraj Somasundari Nursery & Primary School,West PortionSomasundar Amman Koil Street, Arumuganeri","1.Arumuganeri (S.G.T.P) Somasundari amman kovil street ward 16 , 2.Arumuganeri (S.G.T.P) L.f. road ward 16 , 3.Arumuganeri (S.G.T.P) Vinayagar kovil street ward 16 , 4.Arumuganeri (S.G.T.P) Vinayagar KovilStreet Ward 16 , 5.Arumuganeri (S.G.T.P) Mela street ward 16 , 6.Arumuganeri (S.G.T.P) Mutharamman Kovil Street Ward 16 , 7.Arumuganeri (S.G.T.P) Uchinimahaliamman Kovil Street Ward 16 , 8.Arumuganeri (S.G.T.P) Acharymar Street Ward 16,99.OVERSEAS ELECTORS"
87,"Hindu Hr.Sec.School, Gandhi Hall,Poovarasur, Arumuganari","1.Arumuganeri (S.G.T.P) Subbramaniyasamy koil street ward 3 , 2.Arumuganeri (S.G.T.P) Subbramaiaswamy kovil South Street Ward 3 , 3.Arumuganeri (S.G.T.P) Jain nagar ward 3,99.OVERSEAS ELECTORS"
88,"Hindu Hr.Sec.School, Sivanthi Aditanar Hall, Middle Room, Poovarasur, Arumuganari","1.Arumuganeri (S.G.T.P) Localfund road ward 3 , 2.Arumuganeri(S.G.T.P) Local fund 2 street,99.OVERSEAS ELECTORS"
89,"T.N.D.T.A . Primary SchoolPoovarasur , Arumuganeri","1.Arumuganeri (S.G.T.P) Mariamman koil street ward 14 , 2.Arumuganeri (S.G.T.P) Lakshmi managaramsouth street ward 14 , 3.Arumuganeri (S.G.T.P) Thesaykaval north street ward 14 , 4.Arumuganeri (S.G.T.P) Thesaykaval Middle street ward 14 , , 5.Arumuganeri (S.G.T.P) Thesaykaval south street ward 14 , 6.Arumuganeri (S.G.T.P) Gandhi Street Ward 14,99.OVERSEAS ELECTORS"
90,"Hindu Saraswathi Middle School ,South Building North portionArumuganeri","1.Arumugaaneri (S.G.T.P) Gandhi street ward 14 , 2.Arumuganeri (S.G.T.P) Chettier Street Ward 15 , 3.Arumuganeri (S.G.T.P) Gandhi Street Ward 15 , 4.Arumuganeri (S.G.T.P) Mariammankovil street ward 15 , 5.Arumuganeri (S.G.T.P) Pachaiperumalnadar street ward 15 , 6.Arumuganeri (S.G.T.P) Lakshmimanagaram north street ward 15 , 7.Arumuganeri (S.G.T.P) Lakshmimanagaram center street ward 15,99.OVERSEAS ELECTORS"
91,"K.A.Higher Secondary School , North Building East Portion Class XBPeyanvilai,Arumugeri .","1.Arumuganeri (S.G.T.P) Peyanvilai west street ward 4 , 2.Arumuganeri (S.G.T.P) Peyanvilai north street ward 4 , 3.Arumuganeri (S.G.T.P) PeyanvilaiKeelaStreet vadapakam Ward 4 , 4.Arumuganeri (S.G.T.P) Peyanvilai center street ward 4 , 5.Arumuganeri (S.G.T.P) Peyanvilai south street ward 4 , 6.Arumuganeri (S.G.T.P) Local fund road 1 jain nagar ward 1 , 7.Arumuganeri (S.G.T.P) Peyanvilai south street first sandu , 8.Arumuganeri (S.G.T.P) Peyanvilai MelaStreet First Sandu , 9.Arumuganeri (S.G.T.P) Local fund road jainnagar 2nd street ward 4,99.OVERSEAS ELECTORS"
92,"K.A.Higher Secondary School ,North Building East Portion East Side Class XAPeyanvilai,Arumugeri .","1.Arumuganeri(S.G.T.P) Krishnapuram Ward 4 , 2.Arumuganeri (S.G.T.P) Pudhur muthuaramman kovil street ward 5 , 3.Arumuganeri(S.G.T.P) Pudur north street ward 5 , 4.Arumuganeri(S.G.T.P) Bharathi nagar ward 5 , 5.Arumuganeri (S.G.T.P) Pudhur south street ward 5,99.OVERSEAS ELECTORS"
93,"T.N.D.T.A.Primary School,Madatthuvilai ,Arumuganeri","1.Arumuganeri (S.G.T.P) Selvavinayagar Street Ward 13 , 2.Arumuganeri (S.G.T.P) Misson KOvil Street Ward 13 , 3.Arumuganeri (S.G.T.P) Poovarasoor south street ward 13 , 4.Arumuganeri (S.G.T.P) Poovarasoor south street ward 13 , 5.Arumuganeri (S.G.T.P) Poovarasoor MelaStreet Ward 13 , 6.Arumuganeri (S.G.T.P) Madathuvilai Antoniyaar kovilStreet Ward 13 , 7.Arumuganeri (S.G.T.P) TheyaheSomaSundraeswar street Ward 13 , 8.Arumuganeri (S.G.T.P) Madathuvilai MelasTreet Ward 13 , 9.Arumuganeri (S.G.T.P) Madathuvilai KeelaStreet Ward 13,99.OVERSEAS ELECTORS"
94,"Santhanasama Middle School ,East portionMadatthuvilai, Arumuganeri","1.Arumuganeri (S.G.T.P) Catholikarkovil Street Ward 12 , 2.Arumuganeri (S.G.T.P) Kandasamypuramroad ward 12 , 3.Arumuganeri (S.G.T.P) North Subbramaiapuram Elangathammankovil Street Ward 12 , 4.Arumuganeri(S.G.T.P) North subbramaniapuram ammankovilstreet ward 12,99.OVERSEAS ELECTORS"
95,"Santhanasama Middle School ,North Building East portionMadatthuvilai Arumuganeri","1.Arumuganeri(S.G.T.P) subbramaniapuram Ammankovil street Ward 11 , 2.Arumuganeri(S.G.T.P) Muthusamypuram Ward 11 , 3.Arumuganeri(S.G.T.P) Kadasamypuram Road Ward 11 , 4.Arumuganeri(S.G.T.P) Rajamanniyapuram AmmanKovil Street Ward 11 , 5.Arumuganeri(S.G.T.P) Rajamanniapuram Middle Street Ward 11,99.OVERSEAS ELECTORS"
96,"Santhanasama Middle School , South Building, Middle Portion, Madatthuvilai Arumuganeri.","1.Arumuganeri(S.G.T.P) Sadhukkai Street Ward 11 , 2.Arumuganeri(S.G.T.P) Subramaniapuram South Street Ward 11 , 3.Arumuganeri(S.G.T.P) Tiruchendur road, ward 11 , 99.OVERSEAS ELECTORS"
97,"T.N.D.T.A Middle School,Ward 6Muthu Krishnapuram, Arumuganeri","1.Arumuganeri(S.G.T.P) Rajamanniapuram kurukku street ward 6 , 2.Arumuganeri(S.G.T.P) Rajamanniapuram Misson kovil Street Ward 6 , 3.Arumuganeri(S.G.T.P) Kamarajapuram Ward 6,99.OVERSEAS ELECTORS"
98,"T.N.D.T.A Middle School, Ward 6 South PortionMuthu Krishnapuram, Arumuganeri","1.Arumuganeri (S.G.T.P) Tiruchendur road ward 6 , 2.Arumuganeri(S.G.T.P) Muthukrishnapuram North Street Ward 6 , 3.Arumuganeri(S.G.T.P) Muthukrishnapuram Center Street Ward 6 , 4.Arumuganeri(S.G.T.P) Kandasamypuram Road Ward 6 , 5.Arumuganeri(S.G.T.P) Muthukrishnapuram south street ward 6 , 6.Arumuganeri(S.G.T.P) Muthukrishnapuram Pajanaikovil Street Ward 6 , 7.Arumuganeri(S.G.T.P) Bajanai Street(Kandasamypuram) Ward 6 , 8.Arumuganeri(S.G.T.P) Rani Maharajapuram Road (Muthukrishnapuram) Ward 6 , 9.Arumuganeri(S.G.T.P) Muthukrishnapuram (Kandasamypuram)Ward 6,99.OVERSEAS ELECTORS"
99,Arockiya Annai Middle School East Building Middle portion (Ground Floor)Adaikkalapuram,"1.Arumuganeri(S.G.T.P) Adaikalapuram south street ward 7 , 2.Arumuganeri(S.G.T.P) Adaikalapuram Keelastreet Ward 7 , 3.Arumuganeri(S.G.T.P) Adaikalapuram center street ward 7 , 4.Arumuganeri(S.G.T.P) Pudu Street Ward 7 , 5.Arumuganeri(S.G.T.P) ArokkyaMatha KovilStreet Ward 7 ,,99.OVERSEAS ELECTORS"
100,Arockiya Annai Middle School East Building Southern portion (Ground Floor)Adaikkalapuram,"1.Arumuganeri(S.G.T.P) Jothipuri Street Ward 7 , 2.Arumuganeri(S.G.T.P) Adaikalapuram melastreet ward 7 , 3.Arumuganeri(S.G.T.P) Jebamaalai Mathakovil StreetWard-7,99.OVERSEAS ELECTORS"
101,"Illainjer Arambavidhyasaalai(West portion)RaniMaharajapuram ,Arumuganeri","1.Arumuganeri(S.G.T.P) RaniMaharajapuram North street Ward 9 , 2.Arumuganeri(S.G.T.P) Ranimaharajapuram South Street Ward 8 , 3.Arumuganeri(S.G.T.P) Ranimaharajpuram MelaStreet Ward 8 , 4.Arumuganeri(S.G.T.P) Gandhipuram Ward 9,99.OVERSEAS ELECTORS"
102,"Panchayat Union Primary School (West portion)Vannimaanagaram, Arumuganeri","1.Arumuganeri(S.G.T.P) Koilvilai Ward 7 , 2.Arumuganeri(S.G.T.P) Vannimanagaram South Street Ward 9 , 3.Arumuganeri(S.G.T.P) Vannimanagaram North Street Ward 9 , 4.Arumuganeri(S.G.T.P) Manakkadu Ward 9,99.OVERSEAS ELECTORS"
103,"Hindu Arulneri High SchoolThirumalaiappapuram, Sonakanvilai","1.Arumuganeri(S.G.T.P) Kaniyalam pudur KeelaStreet Ward 10 , 2.Arumuganeri(S.G.T.P) Nalayuramudaiyarkulam Ward 10 , 3.Arumuganeri(S.G.T.P) Thirumalayappapuram Ward 10 , 4.Arumuganeri(S.G.T.P) Kanniyalanpudur North Street Ward 10 , 5.Arumuganeri(S.G.T.P) Mutharammankovil Street Ward 10,99.OVERSEAS ELECTORS"
104,"Panchayat Union Middle School, West Building, (North Portion) Thaikka Street, Kayalpattanam.","1.Kayalpattinam(Municipality) GulamSahib thambi thootam ward 18 , 2.Kayalpattinam(Municipality) North mutharamman kovil street wrad 18,99.OVERSEAS ELECTORS"
105,"Panchayat Union Middle School, West Building (middle portion),Thaikka Street, KayalPattinam","1.Kayalpattinam(Municipality) Koman pudur ward 18 , 2.Kayalpattinam(Municipality) Sethu raja street ward 18,3.Kayalpattinam(Municipality) Gurusadi (DCW Quarters) Ward 18 , 99.OVERSEAS ELECTORS"
106,"Panchayat Union Middle School ,West Building (South Portion) Thaikka Street Kayalpattanam.","1.Kayalpattinam(Municipality) Seethakathi nagar ward 15 , ,99.OVERSEAS ELECTORS"
107,"Panchayat Union Middle School ,East Building (Middle Portion) Thaikka Street Kayalpattanam.","1.Kayalpattinam(Municipality) Sivan kovil street ward 15,99.OVERSEAS ELECTORS"
108,"Panchayat Union Middle School, East Building, North Side,ThaikkaStreet,Kayapattinam","1.Kayalpattinam(Municipality) Mangalvinayagar kovil street ward 15 , 2.Kayalpattinam(Municipality) Uchimagaliamman kovil street ward 15,99.OVERSEAS ELECTORS"
109,"ArulRaj Primary School, Eastern BuildingRathnapuri ,Kayelpattinam","1.Kayalpattinam (Municipality) Local fund road 2 ward 14 , 2.Kayalpattinam (Municipality) Rethinapuri block 14,99.OVERSEAS ELECTORS"
110,"ArulRaj Primary School Western BuildingRathnapuri ,Kayelpattinam","1.kayalpattinam (Municipality) Localfund road 1 ward 14 , 2.Kayalpattinam (Municipality) Alagapuri block 14 , 3.Kayalpattinam (Municipality) Alagapuri south street block 14 , 4.Kayalpattinam (Municipality) Santhanamariamman Kovil Street Block 14 , 5.Kayalpattinam (Municipality) New Colony Block 14 , 6.Kayalpattinam (Municipality) Pasi Nagar Block 14,99.OVERSEAS ELECTORS"
111,"National Primary School Eastern BuildingArunachalapuram, Kayalpattinam","1.Kayalpattinam(Municipality) Arunachalapuram ward 1 , 2.Kayalpattinam(Municipality) Kadayankudi block 1,99.OVERSEAS ELECTORS"
112,"Central Matriculation Hr Sec School, North Block Play Room, Sadukkai Street, Kayalpattanam. Sadhukkai Street, Kayalpattinam","1.Kayalpattinam (Municipality) Komon west street block 1 , 2.Kayalpattinam (Municipality) Komon middle street block 1 , 3.Kayalpattinam (Municipality) Komon east street block 1,99.OVERSEAS ELECTORS"
113,"Central Matriculation Hr Sec School, North Block Hall No 3Sadhukkai Street, Kayalpattinam","1.kayalpattinam (Municipality) Ke.mu. kachichery street ward 5 , 2.kayalpattinam (Municipality) Magathum street ward 5 , 3.Kayalpattinam(Municipality) Mohaideen Street Ward 5,99.OVERSEAS ELECTORS"
114,"Govt. Girls Hr. Sec School, North Building East PortionTheevu Street , Kayelpattinam","1.Kayalpattinam(Municipality) Karpudaiyar palli vattam singidurai ward 7 , 2.kayalpattinam(Municipality) KeelaNaina street (mangarastreet) ward 7,99.OVERSEAS ELECTORS"
115,"Govt. Girls Hr. Sec School, North Building Middle Portion, Theevu Street , Kayalpattinam","1.Kayalpattinam(Municipality) Pandakasalai karanar street theevu street block 7 , 2.kayalpattinam (t.g.) (mangarastreet )keela nainar street ward 3,99.OVERSEAS ELECTORS"
116,"Govt.Girls.Hr.Sec School North Block West Portion Theevu Street, Kayalpattinam","1.Kayalpattinam (Municipality) Kadarkarai street ward 9,99.OVERSEAS ELECTORS"
117,"Muhyiddeen Matriculation Hr. Sec. School, West Building North Portion, X StdKeela Nainar Street, Kayalpattanam.","1) kayalpattinam (Municipality) Nainar street ward 3 ,99.OVERSEAS ELECTORS"
118,"Muhyiddeen Matriculation Hr. Sec. School, West Building Middle Portion,Keela Nainar Street, Kayalpattanam.","1.kayalpattinam (Municipality) Nainar street ward 3 Part II,99.OVERSEAS ELECTORS"
119,"Central Hr.Sec School, North Building Class 8th B,Sadhukkai street ,Kayalpattinam","1.Kayalpattinam (Municipality) Citthan street ward 6,99.OVERSEAS ELECTORS"
120,"Central Hr.Sec School, North Building Class 7th B,Sadhukkai street ,Kayalpattinam","1.Kayalpattinam(Municipality) Dhushtarayan street ward 6 , 2.Kayalpattinam(Municipality) Ambala marakayar street ward 6,99.OVERSEAS ELECTORS"
121,"Central Hr, Sec school, Class-7th c ,North SideSadhukkai Street ,Kayalpattinam","1.Kayalpattinam(Municipality) Cross street ward 4 , 2.kayalpattinam (Municipality) Aarampalli street ward 5,99.OVERSEAS ELECTORS"
122,"Subaitha Girls Higher Secondary School, East Building, North side Kayalpattanam","1.kayalpattinam (Municipality) Sathukkaith street wad 2(Door No.1ST 01-200),99.OVERSEAS ELECTORS"
123,Subaitha Girls Higher Seco0ndary School North Building (Class 4B) KayalpattanamKayalpattinam,"1.kayalpattinam (Municipality) Sathukkaith street ward 4 (Door No. 201-End),99.OVERSEAS ELECTORS"
124,"Subaitha Girls Hr.Sec. School,East Building South Portion Kayalpattinam","1.kayalpattinam (Municipality) Kattu thaikkastreet ward 17,99.OVERSEAS ELECTORS"
125,"Subaitha Girls Hr.Sec School ,West Block Ground Floor,KayalPattinam","1.kayalpattinam (Municipality) Kuthukkalstreet ward 4 , 2.kayalpattinam (Municipality) Kuthukkalstreet ward 17,99.OVERSEAS ELECTORS"
126,"L.K. Hr. Sec School, Southeren South Building Middle Side Class XIAKayalpattinam","1.kayalpattinam (Municipality) Maruthuvar street ward 16 , 2.kayalpattinam (Municipality.) Pudukkadai street ward 16,99.OVERSEAS ELECTORS"
127,"L.K. Hr. Sec School, South building, Westeren Portion, Kayalpattinam","1.Kayalpattinam (Municipality) Kajiappa thaikka street ward 13 , 2. .Kayalpattinam (t..g.m) Thaika st ward 16,99.OVERSEAS ELECTORS"
128,"L.K. Primary School, West building Ground floor, Northern PortionKayelpattinam","1.kayalpattinam (Municipality.) Peria nesavu street ward 11,99.OVERSEAS ELECTORS"
129,"L.K. Primary School, South building West portion Ground FloorLebbaithambi street Kayelpattinam","1.kayalpattinam (Municipality) Karuthambi marakayer street ward 11,99.OVERSEAS ELECTORS"
130,"L.K. Primary School , Middle Portion, Southern Building Class 3AKayalpattinam","1.Kayalpattinam (Municipality) Chinnanesauv street ward 10 , 2.kayalpattinam (Municipality) Parimar Street Ward 10,99.OVERSEAS ELECTORS"
131,"L.K. Primary School , West Building Ground Floor Southern PortionKayelpattinam","1.kayalpattinam (Municipality) Aliyarstreet ward 10,99.OVERSEAS ELECTORS"
132,"Thulir School for Special Children, Thulir ArangamA.K.M. Nagar Rathinapuri, Kayalpattanam","1.kayalpattinam (Municipality) Keela lakshmipuram ward 14 , 2.kayalpattinam (Municipality) Lakshmipuram ward 14,99.OVERSEAS ELECTORS"
133,"Panchayat Union Primary School, Fathima Hall east portionTheevu Street, Kayalpattinam","1.kayalpattinam (Municipality) Solukkar street ward 8,99.OVERSEAS ELECTORS"
134,"Panchayat Union Primary School South SideTheevu Street, Kayalpattinam","1.kayalpattinam (Municipality) Kochiyar street ward 8 , 2.kayalpattinam (Municipality) Pandhasalai Street Ward 8 , 3.kayalpattinam (Municipality) Thankaipandakasalai street ward 8 , 4.kayalpattinam (Municipality) Muthuvapathikka Street ward 8,99.OVERSEAS ELECTORS"
135,"Panchayat Union Primary School, East BuidlingK.T.M.Street Kayalpattinam","1.kayalpattinam (Municipality) Appapalli street ward 9 , 2.kayalpattinam (Municipality) Kaytheymillath Nagar ward 10 , 3.kayalpattinam (Municipality) Tiruchendur road ward 10,99.OVERSEAS ELECTORS"
136,"Govt Girls Hr.Sec.School, North Block West Side,sithan street, Kayalpattanam","1.Kayaelpattinam (Municipality) Maruthum Alauddin Thottam Ward 13 , 2.kayalpattinam (Municipality) Vannakkudistreet ward 13 , 3.kayalpattinam (Municipality) Vechalachiamman kovil street ward 13 , 4.kayalpattinam (Municipality) Veera sadaichi ammankovil street ward 13,99.OVERSEAS ELECTORS"
137,"Panchayat Union Primary School, Middle Building, Odakkarai, Kayalpattinam","1.kayalpattinam ward 12 Mangalavadi ward 12 , 2.kayalpattinam (Municipality) Mela nesavustreet ward 12 , 3.kayalpattinam (Municipality) Mottaiyan Thottam Ward 12 , 4.kayalpattinam (Municipality) Odaikarai north street ward 12 , 5.kayalpattinam (Municipality) Vandimalachiammankovilstreet ward 12 , 6.kayalpattinam (Municipality) Vaneyakudi street ward 12,99.OVERSEAS ELECTORS"
138,"Panchayat Union Primary School, West Building, South Portion, Odakkarai, Kayalpattinam","1.kayalpattinam (Municipality) Kadipichaithottam(rajakovil street )ward 12 , 2.kayalpattinam (Municipality) Poonthottam ward 12 , 3.kayalpattinam (Municipality) PuduSouthvadi (thaikkapuram ) Ward 12 , 4.Kayalpatanam (Municipality.) Odakkarai ward 12,99.OVERSEAS ELECTORS"
139,"St.Thmas Hr.Sec School, South Building West SideVeerapandianpattinam","1.Veerapandianpattinam (R.V) And (P) Jesurajaveethi Block 1 , 2.Veerapandianpattinam (R.V) And (P) Fathima Street NehruStreet Block 1 , 3.Veerapandianpattinam (R.V) And (P) Medona Street Block 1,99.OVERSEAS ELECTORS"
140,"St.Thmas Hr.Sec School, South Building, East SideVeerapandianpattinam","1.Veerapandianpattinam (R.V) And (P) Prasanthnagar Block 1 ,2.Veerapandianpattinam (R.V) And (P) Kurunchinagar Block 1 , 3.Veerapandianpattinam (R.V) And (P) Kurinchinagar, Santhinagar Extension Block 1,99.OVERSEAS ELECTORS"
141,"St. Thomas Hr.Sec School ,North Building West Side, IX A StdVeerapandianpattinam","1.Veerapandianpattinam (R.V) And (P) Veerapandianpattinam (U.P)Thomas Veethi Block 2 , 2.Veerapandianpattinam (R.V) And (P) Veerapandianpattinam (U.P) Main Road Block 2 , 3.Veerapandianpattinam (R.V) And (P) Veerapandianpattinam (U.P) Kadarkarai Bypass Salai Block 2 , 4.Veerapandianpattinam (R.V) And (P) Veerapandianpattinam (U.P) Joseph Street Block 2 , 5.Veerapandianpattinam (R.V) And (P) Veerapandianpattinam (U.P) Petter Street (North ) Block 2 , 6.Veerapandianpattinam (R.V) And (P) Veerapandianpattinam (U.P) M.M.Street 1 Block 3 , 7.Veerapandianpattinam (R.V) And (P) Veerapandianpattinam (U.P) Lookas Street Block 3 8.Veerapandian Pattinam (R.V) , Veerapandian Pattinam Rural (P) KattumoguthumBlock, 9.Veerapandianpattinam (R.V) And (P) Santhi Nagar Block 1,99.OVERSEAS ELECTORS"
142,"St. Thomas Hr.Sec School , North Building West Side Class Room XII A StdVeerapandianpattinam","1.Veerapandianpattinam (R.V) And (P) RajKannanagar, Main Road Block 2 , 2.Veerapandianpattinam (R.V) And (P) Petter Street South Block 2 , 3.Veerapandianpattinam (R.V) And (P) Rajkanna Nagar Extend Block 2 , 4.Veerapandianpattinam (R.V) And (P) M.M. Street 2 Block 3 , 5.Veerapandianpattinam (R.V) And (P) Johnveethi Block 3,99.OVERSEAS ELECTORS"
143,St. Thomas Hr. Sec School North Building West side middle room XI BVeerapandianpattinam,"1.Veerapandianpattinam (R.V) And (P) Johnveethi Block4 , 2.Veerapandianpattinam (R.V) And (P) Johnveethi (East) Block 4 , 3.Veerapandianpattinam (R.V) And (P) Senthilveethi Block 4 , 4.Veerapandianpattinam (R.V) And (P) Meenavarcolony Velankanninagar block 4,99.OVERSEAS ELECTORS"
144,"St. Thomas Hr. Sec School North Building East Side room, XI A StdVeerapandianpattinam","1.Veerapandianpattinam (R.V) And (P) Xavier Street Block 4,99.OVERSEAS ELECTORS"
145,"Panchayat Union Primary School, South BuildingShunmugapuram","1.Veerapandianpattinam (R.V) , Veerapandianpattinam Rural (P) ShunmugapuramValliammalpuram Ganthinagar (Door No.1 to 130) ,99.OVERSEAS ELECTORS"
146,"Panchayat Union Primary School, North BuildingShunmugapuram","1.Veerapandianpattinam (R.V) , Veerapandianpattinam Rural (P) ShanmugapuramValliammalpuram Ganthinagar Part II (Door No. 131 and above),99.OVERSEAS ELECTORS"
147,"Punitha Susai Primary School, South Side Middle Building, Veerapandianpatnam","1.Veerapandianpattinam (R.V) , Veerapandianpattinam Rural (P) Adaikkalapuram,Thomaiyar Street Block , 2.Veerapandianpattinam (R.V) , Veerapandianpattinam Rural (P) Soosai Aranilaiyam Block 2 , 3.Veerapandian Pattinam (R.V) , Veerapandian Pattinam Rural (P) SebasthiyanStreet,Bilomi Nagar,99.OVERSEAS ELECTORS"
148,"T.N.D.T.A . Middle School ,South Side West BuildingSonaganvilai","1.kannam(T.P) Kurathanvillai Waed2, 2.Kannam(T.P) Theeri Vadali Neelpuram Ward3, 3.Kannam (T.P) Sonaganvillai North Ward4, 4.Kannam(T.P) Sonaganvillai South Ward5, Kannam(T.P) Moolaipoli Ward5, ,99.OVERSEAS ELECTORS"
149,"Panchayat Union Primary School ,East SideKanam","1.Kanam(T.P) Vanubanvillai Ward 6 , 2.Kanam(T.P) Kanam kasbha Keelapakuthi Ward 7 , 3.Kanam (T.P) Kanam Kasbha mel Side Ward 8 , 4.Kanam(T.P) kanam Kasbha Ward 9 ,,99.OVERSEAS ELECTORS"
150,"T.N.D.T.A . Middle School, North Building Western Portion Vallivilai","1.Kanam(T.P) Melakananm Ward 1 , 2.Kanam(T.P) Pudumanai Ward 1 , 3.Kanam (T.P) ValliVilai Ward-10 , 4.Kanam (T.P) Senthamaraivilai (Colony) Ward11 , 5.Kanam (T.P) Vallivilai Ward 11,99.OVERSEAS ELECTORS"
151,"Panchayat Union Primary School, East BuildingNathankinaru",", 1.Pallipathu (R.V) And (P) Nathankennru Keelastreet poochikadu Block 4 , 2.Pallipathu (R.V) And (P) Nathankinaru Melastreet chettyaavilai block- 5,99.OVERSEAS ELECTORS"
152,"Panchayat Union Primary School,Pallipatthu","1. Pallipathu (R.V) and (P) Pallipathu Kaspa Block.1 2).Pallipathu (R.V) And (P) Pandaravilai Block 1 , 3).Pallipathu (R.V) And (P) Elayaperumalvilai Block 1 , 4).Pallipathu (R.V) And (P) Perialadivilai Block 1 , 5).Pallipathu (R.V) And (P) Kudiruppuvillai Block 2,99.OVERSEAS ELECTORS"
153,"Hindu High School, East Side Poochikadu PallipathuPoochikadu, Pallipathu","1).Pallipathu (R.V) And (P) Erusalam Serivilai Block 3 , 2).Pallipathu (R.V) And (P) Mannanvilai vanubhanvilai, Senguli Block 6 , 3).Pallipathu (R.V) And (P) Edayanvilai, Neduvalam, Block 7,99.OVERSEAS ELECTORS"
154,"Panchayat Union Primary SchoolTherikudiyiruppu, Kayamozhi","1.Kayamozhi (R.V) And (P) Therikudiruppu block 8 , 2.Kayamozhi (R.V) And (P) Therikudiruppu Block 9 , 3.Kayamozhi (R.V) And (P) Therikudyiruppu Block 10,99.OVERSEAS ELECTORS"
155,"Kalaivani Primaryschool, West PortionSubbramaniapuram, Kayamozhi","1.Kayamozhi (R.V) And (P) Ramanathapuram(Adithanar colony,thangamalpuram) Bl , 2.Kayamozhi (R.V) And (P) Kandasamypuram(Ammalpuram) Block 12,99.OVERSEAS ELECTORS"
156,"Kalaivani Primaryschool, East PortionSubbramaniapuram, Kayamozhi","1.Kayamozhi (R.V) And (P) Uthaangkarai vilai Block 13 , 2.Kayamozhi (R.V) And (P) Subbramaniapuram Ramalingapuram Block 14 , 3.Kayamozhi (R.V) And (P) Kumarasamypuram, Ramanathapuram block 15,99.OVERSEAS ELECTORS"
157,"Si .Pa.Adithanar.Govt Hr.Sec School, East Block, Std 11th DRamanathapuramStreet, Kayamozhi","1) Kayamozhi (R.V) And (P) Kayamozhi Kasbha Valluvar nagar Block 3 2) Kayamozhi (R.V) And (P) Mela arasoor Block 4 3) Kayamozhi (R.V) And (P) SavukkaiStreet, VadappooStreet block 5 ,99.OVERSEAS ELECTORS"
158,"Si .Pa.Adithanar.Govt Hr.Sec School, East wing Southren Building, RamanathapuramStreet, Kayamozhi","1) Kayamozhi (R.V) And (P) Musleem Street Pillaiyar Street Block 6 2).Kayamozhi (R.V) And (P) North musleem street block 7,99.OVERSEAS ELECTORS"
159,"T.N.D.T.A . Primary SchoolArumugapuram, Kayamozhi","1.Kayamozhi (R.V) And (P) Pallathur Block 1 , 2.Kayamozhi (R.V) And (P) Arumugapuram, Mathimanvilai, New Colony Block 2,99.OVERSEAS ELECTORS"
160,"Pothu Nala Ikiya Sanga Primary School , East Building, Thalavaipuram, Melatiruchendur","1.MelaTiruchendur (R.V) And (P) Thalavaipuram Vanniyankadu Muthukirshnapuram Blcok1,99.OVERSEAS ELECTORS"
161,"Panchayat Union middle School,Keela nalumoolaikinaru","1.Mela Tiruchendur (R.V) And (P) Therkoornalumoolaikinaru,Murugankuruchi Block3,99.OVERSEAS ELECTORS"
162,Panchayat Union Middle School South Side 7th StdN. Muthiahpuram,"1. MelaTiruchendur (R.V) And (P) Ayyangovilvilai muthaiyapuram block ,99.OVERSEAS ELECTORS"
163,Panchayat Union Middle School Additional 2Class Room Building 1st RoomN. Muthiahpuram,"1. MelaTiruchendur (R.V) And (P) Ayyangovilvilai muthaiyapuram block 4 Part II,99.OVERSEAS ELECTORS"
164,St. Antony Middle School Pitchivilai,"1.Mela Tiruchendur (R.V) , Pichivilai (P) Pichiviali Pudukenathanvilai pudur Block 1,2,3,99.OVERSEAS ELECTORS"
165,"Panchayat Union Primary School, South Building West Portion Pitchivilai, ParamankurichiPitchivilai, Paramankuruchi","1.Paramankuruchi (R.V), Pichivilai (P) Pichivilai Maravanvilai Block 14 , 2.Paramankuruchi (R.V), Pichivilai (P) Pichivilai South Street Block 15,99.OVERSEAS ELECTORS"
166,"Panchayat Union Primary School, South Building, West Portion Nadu Nalumoolaikinaru","1.Mela Tiruchendur (R.V) And (P) Nadunalumoolaikinaru Block 2 (Door No. 1 to 200),99.OVERSEAS ELECTORS"
167,"Panchayat Union Primary School, North Building, East Portion, Nadu Nalumoolaikinaru","1.Mela Tiruchendur (R.V) And (P) Nadunalumoolaikinaru Block 2 Part II (Door No. 201 and above),99.OVERSEAS ELECTORS"
168,"Arulmigu Senthilandavar Govt Boys Higher Secondary School, North Building, south Portion, T.B.Road, TiruchendurT.B Road, Tiruchendur","1.Tiruchendur (S.G.T.P) Kalyanasundravinayagarkoiltheru Ward20 , 2.Tiruchendur (S.G.T.P) SaravanapoikaiRoad Ward 20 , ,99.OVERSEAS ELECTORS"
169,"Arulmigu Senthilandavar Govt Boys Higher Secondary School, North Building, Middle Porton, T.B.Road, TiruchendurT.B Road, Tiruchendur","1.Tiruchendur (S.G.T.P) Railway Feeder Road Ward 20 , 2.Tiruchendur (S.G.T.P) Bharathiyar Street Ward 20,99.OVERSEAS ELECTORS"
170,"Sarva Siksha abiyan (SSA) Building, Arulmigu Senthilandavar Govt Boys Higher Secondary School campus, T.B. Road Tiruchendur","1.Tiruchendur (S.G.T.P) Theppakulam Street Ward 18 , 2.Tiruchendur (S.G.T.P) East CarStreet Anantharaman Sandhu(South) Ward-18 , 3.Tiruchendur(S.G.T.P) West carStreet Anantharaman Sanduku North Ward 1 , 4.Tiruchendur (S.G.T.P) Vadikal Street Ward 18,99.OVERSEAS ELECTORS"
171,Panchayat Union Kattralil Inimai Primary School West Building South Side T.B. Road Tiruchendur,"1.Tiruchendur (S.G.T.P) JeevaNagar VeilukathammankovilStreet Ward 1 , 2.Tiruchendur (S.G.T.P) kayalpattinam Road Ward 1,99.OVERSEAS ELECTORS"
172,"Panchayat Union Kattralinimai Primary School West Building North Portion T.B. Road, Tiruchendur","1.Tiruchendur (S.G.T.P) Keelaveilukandammankovil Street East Ward 2 , 2.Tiruchendur (S.G.T.P) Salavaiyalar Mariamman Kovil Street Ward 2 , 3.Tiruchendur (S.G.T.P) North Mariamman Kovil Street Ward-2 , 4.Tiruchendur (S.G.T.P) VeilukandanammankovilStreet Ward 2,99.OVERSEAS ELECTORS"
173,"Arulmigu Senthimurugan Govt,Girls Hr,Sec School Middle Building, West Portion, Tiruchendur","1.Tiruchendur (S.G.T.P) Veeraragavapuram street ward 7 , 2.Tiruchendur (S.G.T.P) Veeraragawapuram Ward 8,99.OVERSEAS ELECTORS"
174,"Arulmigu Senthilmurugan Govt Girls Hr Sec School, North Building, Middle Portion,Tiruchendur","1.Tiruchendur (S.G.T.P) Keelaratha navvaladi Sandhu South Street Ward 8 , 2.Tiruchendur (S.G.T.P) Frist Santhi Street Ward 8 , 3.Tiruchendur (S.G.T.P) 2nd Santhi Street Ward 8 , 4.Tiruchendur (S.G.T.P) Mailappuram Street Ward 8 , 5.Tiruchendur (S.G.T.P) Keelarathaveethi Navvaladi Santhu North Street Ward- 8,99.OVERSEAS ELECTORS"
175,"Arulmigu Senthil Murugan Govt Girls Higher Secondary School Middle Building East Portion, TiruchendurTiruchendur","1.Tiruchendur (S.G.T.P) Mutharamkmankovil keelaStreet Ward 9 , 2.Tiruchendur (S.G.T.P) KeelapuduStreet Ward 9 , 3.Tiruchendur (S.G.T.P) South PuduStreet 1st Sandu Thachiar Street Ward 9 , 4.Tiruchendur (S.G.T.P) South pudu Street Ward 9 5. Tiruchendur (S.G.T.P) Veerakaliammankovil Street Ward 9,99.OVERSEAS ELECTORS"
176,"Arulmigu Senthimurugan Govt,Girls Hr,Sec School North Building East SideTiruchendur","1.Tiruchendur (S.G.T.P) Otthamada Street Ward 21 , 2.Tiruchendur (S.G.T.P) North Mada Street Ward 21 , 3.Tiruchendur (S.G.T.P) Frist SanthikurukuStreet Ward 21 , 4.Tiruchendur Special Grade (S.G.T.P) Mela mada Street Ward 21 , 5.Tiruchendur (S.G.T.P) Palayamkottai Road Ward 21 , 6.Tiruchendur (S.G.T.P) Noth CarStreet Ward 21 , 7.Tiruchendur (S.G.T.P) East car street Ward 21 , 8.Tiruchendur (S.G.T.P) North ratha veethi Ward 21,99.OVERSEAS ELECTORS"
177,"Arulmigu Senthilmurugan Govt Girls Higher Secondary School, Southern Building Chemistery Lab , Tiruchendur","1.Tiruchendur (S.G.T.P) Mutharamankovil Street Ward 10 , 2.Tiruchendur (S.G.T.P) KrishnankovilStreet Ward 10 , 3.Tiruchendur (S.G.T.P) Veerakaliammankovil KeelaStreet Ward 10 , 4.Tiruchendur (S.G.T.P) Mutharammankovil South Street ward 11,99.OVERSEAS ELECTORS"
178,"Hindu Primary School, SouthSide NewBuilding,V.O.C Street, Tiruchendur","1.Tiruchendur (S.G.T.P) Santhanamariamman kovil Street Ward 3,99.OVERSEAS ELECTORS"
179,"Hindu Primary School V.O.C Street, Tiruchendur","1.Tiruchendur (S.G.T.P) Kovil Street Ward 4 , 2.Tiruchendur (S.G.T.P) Meenavar colony ward 4 , 3.Tiruchendur (S.G.T.P) Subbramaniapuram Ward-4 , 4.Tiruchendur(S.G.T.P) V.O.C. Street Ward 5,99.OVERSEAS ELECTORS"
180,"Saravana Iyer middle school Ramachandra Iyer Ninaivarangam, West Portion, panthal MandabamEast Car street,Tiruchendur","1.Tiruchendur (S.G.T.P) Sabapathipuram street ward 5,99.OVERSEAS ELECTORS"
181,"Saravana Iyer middle school Ramachandra Iyer Ninaivarangam, East Portion, panthal MandabamEast Car street,Tiruchendur","1.Tiruchendur (S.G.T.P) PuliadiStreet Ward 6 , 2.Tiruchendur (S.G.T.P) Sannathi Street eastPortionStreet Ward 6 , 3.Tiruchendur (S.G.T.P) SannathiStreet WestPortion Ward 6,99.OVERSEAS ELECTORS"
182,"Stars Model Matriculation Higher Secondary School Main Building, Southern wing, (Class 3 Std B) (Ground Floor)Kumarapuram Tiruchendur","1.Tiruchendur (S.G.T.P) Kumarapuram ward-19 , 2.Tiruchendur (S.G.T.P) Sankilivilai @ Ramasamypuram ward 19,99.OVERSEAS ELECTORS"
183,"S.R.B.M Senthilmurugan Middle School North Side South CarStreet, Tiruchendur","1.Tiruchendur (S.G.T.P) South rathaveethi Keelpukuthi Ward 17 , 2.Tiruchendur (S.G.T.P) Mutharammankovil First sandu Ward 17 , 3.Tiruchendur (S.G.T.P) Mutharammankovil 2nd Sandu ward 17 , 4.Tiruchendur(S.G.T.P) Mutharammankovil 3rd Sandu Ward 17 , 5.Tiruchendur (S.G.T.P) Mutharammankovil 4th Sandu Ward 17 ,99.OVERSEAS ELECTORS"
184,"S.R.B.M Senthilmurugan Middle School South PortionSouth CarStreet, Tiruchendur","1.Tiruchendur (S.G.T.P) Mariammnkovil Street Ward 11 , 2.Tiruchendur (S.G.T.P) Mutharammankovil 1st Keelsandu Ward 11 , 3.Tiruchendur (S.G.T.P) Mutharammankovil 2nd Sandu Ward 11 , 4.Tiruchendur (S.G.T.P) South RathaVeethi Melpukuthi Ward 17,99.OVERSEAS ELECTORS"
185,"TN.D.T.A . Primary School West PortionKeela Vannanduraivilai, Tiruchendur","1.Tiruchendur (S.G.T.P) Muthumalaiamman kovil 3rd sandu street ward 11 ,99.OVERSEAS ELECTORS"
186,"TN.D.T.A . Primary School East PortionKeela Vannanduraivilai, Tiruchendur","1.Tiruchendur (S.G.T.P) Muthumalaiamman Kovil First Street Ward 13 , 2.Tiruchendur (S.G.T.P) Muthumalaiammnkovil Street 2nd Ward 13,99.OVERSEAS ELECTORS"
187,"Govt Adhidravidar Primary School South BuildingThoppur, Tiruchendur","1.Tiruchendur (S.G.T.P) Karamabavilai Ward 14 , 2.Tiruchendur (S.G.T.P) Benjamin Colony Ward 14 , ,99.OVERSEAS ELECTORS"
188,"Govt Adhidravidar Primary School, Additional Building,Thoppur, Tiruchendur","1.Tiruchendur (S.G.T.P) Thoppur Block 14,99.OVERSEAS ELECTORS"
189,R.C Middle School East Building Westren PortionAmaliNagar Tiruchendur,"1.Tiruchendur (S.G.T.P) Amalinagar ward 12,99.OVERSEAS ELECTORS"
190,"R.C Primary School, East Building Eastern portionAmaliNagar Tiruchendur","1.Tiruchendur (S.G.T.P) Sweaken colony Ward 12 , 2.Tiruchendur (S.G.T.P) Roch Colony Ward 12,99.OVERSEAS ELECTORS"
191,"Holi Family High School West Portion, 3rd Std , AlanthalaiAlanthalai","1.Tiruchendur (S.G.T.P) Ganeshpuram Ward 15 , 2.Tiruchendur (S.G.T.P) Kandasamypuram ward 15,99.OVERSEAS ELECTORS"
192,"Holi Family High School East Portion, 3rd Std , AlanthalaiAlanthalai","1.Tiruchendur(S.G.T.P) Alanthalai north street ward 15 , 2.Tiruchendur (S.G.T.P) Alanthalai Kadarkarai Street Ward 15 , 3.Tiruchendur (S.G.T.P) Alanthalai North Street Puducolony Ward 15,99.OVERSEAS ELECTORS"
193,"Carmal Middle School, South East Building, Alanthalai","1.Tiruchendur (S.G.T.P) Alanthalai south street ward 16 , 16,99.OVERSEAS ELECTORS"
194,"Carmal Middle School, South Building, Alanthalai","1.Tiruchendur (S.G.T.P) Alanthalai South puduStreet(Rosaray colony Ward 16 , 2.Tiruchendur (S.G.T.P) Soosaikudiyathu Ward 16 , 3.Tiruchendur (S.G.T.P) PallivasalAathalaiStreet Ward 16 , 4.Tiruchendur (S.G.T.P) Alanthalaisingharavelarkudiruppu Ward 16,99.OVERSEAS ELECTORS"
195,"Duraisivan Primary School, West portionParamankuruchi","1.Paramankuruchi (R.V) And (P) Murugeshapuram block 1 , 2.Paramankuruchi (R.V) And (P) Aazathnagar Pillayaar kovil Street Block 2,99.OVERSEAS ELECTORS"
196,"Duraisivan Primary School, East portionParamankuruchi","1.Paramankuruchi (R.V) And (P) Sasthankovilvilai West Bhadai Street Block 3 , 2.Paramankuruchi (R.V) And (P) Karisanvilai Ramanpuram Block 8,99.OVERSEAS ELECTORS"
197,Panchayat Union Primary SchoolParamankuruchi Seerudiaarpuram,"1.Paramankuruchi (R.V) And (P) Gurunathapuram Block 4 , 2.Paramankuruchi (R.V) And (P) Colony Musleem Pudustreet Block 5 , 3.Paramankuruchi (R.V) And (P) Musleem Center Street Mela Street Block , 4.Paramankuruchi (R.V) And (P) Sherudaiyarpuram Samathuvapuram Block 6 , 5.Paramankuruchi (R.V) And (P) Veerappa Nadar Kudiruppu Block 7,99.OVERSEAS ELECTORS"
198,"T.N.D.T.A Primary School, New Building, PotharanganvilaiParamankurichi","1.Paramankuruchi (R.V) And (P) Aranganvilai Block 9 , 2.Paramankuruchi (R.V) And (P) Potharanganvilai Block 10 , 3.Paramankuruchi (R.V) And (P) Koola Periavanvilai Block 11 , 4.Paramankuruchi (R.V) And (P) Kulathangarai vilai Block 13,99.OVERSEAS ELECTORS"
199,"K.K.R. T.N.D.T.A High School, North Building West RoomParamankurichi","1.Paramankuruchi (R.V) And (P) Paramankuruchi Kasbha Mela Street Block 19 , 2.Paramankuruchi (R.V) And (P) Paramankuruchi Kasbha Center Street Block 20,99.OVERSEAS ELECTORS"
200,"K.K.R T.N.D.T.A. High School, South Building WestRoomParamankurichi","1.Paramankuruchi (R.V) And (P) Thotttharvilai Block 12 , 2.Paramankuruchi (R.V) And (P) Mudrithottam Block 13 , 3.Paramankuruchi (R.V) And (P) Paramankuruchi yathar street, Singharayarpuram blo,99.OVERSEAS ELECTORS"
201,"T.N.D.T.A Bishop Azaria Memorial Hr.Sec School, West Building North Room, Class X th A,Vellalanvilai","1.Paramankuruchi (R.V) And (P) Seeyon nagar Perumalpuram block 16 , 2.Paramankuruchi (R.V) And (P) Seeyonnagar South Street Block 17,99.OVERSEAS ELECTORS"
202,"T.N.D.T.A. Bishop Azaria Memorial Hr.Sec School,West Building Middle Room,Class XII th A,Vellalanvilai","1.Paramankuruchi (R.V) And (P) Velalanvilai north street block 21 , 2.Paramankuruchi (R.V) And (P) Vattanvilai Manadu Block 22,99.OVERSEAS ELECTORS"
203,"Panchayat Union Primary SchoolElluvilai, Kuthiraimozhi","1.Kuthiraimozhi (R.V) And (P) Therikudiruppu, Harisanvilai, Kovil vilai Block 1 , 2.Kuthiraimozhi (R.V) And (P) Sarvarnaperivanvilai, Punguamalpuram vilai,99.OVERSEAS ELECTORS"
204,"T.N.D.T.A Primary School PavanasapuramSolaikudieruppu, Kuthiraimozhi.","1.Kuthiraimozhi (R.V) And (P) Sundarapuram Block 3 , 2.Kuthiraimozhi (R.V) And (P) Varatharajapuram Manadu Solaikudirupu Block 4 , 3.Kuthiraimozhi (R.V) And (P) Kailasapuram Block 5,99.OVERSEAS ELECTORS"
205,"Panchayat Union Primary School, New Building, SemmarikulamSemmarikulam","1.Semmarikulam (R.V) And (P) Semmarikulam kasbha Block 1 , 2.Semmarikulam (R.V) And (P) Thamaraikulam Sathya Nagar Block 5,99.OVERSEAS ELECTORS"
206,"T.N.D.T.A. Primary School, ImmanualpuramSemmarikulam","1.Semmarikulam (R.V) And (P) Kumaralakshmipuram Block 1 , 2.Semmarikulam (R.V) And (P) Valliammalpuram,Immanualpuram Block 1,99.OVERSEAS ELECTORS"
207,T.N.D.T.A Middle schoolKalvilai,"1.Semmarikulam (R.V) And (P) Valasaikennaru Ramasamypuram Block 2 , 2.Semmarikulam (R.V) And (P) Kalvilai Arualananthapuram Block 4,99.OVERSEAS ELECTORS"
208,"T.N.D.T.A Primary School, New Building,Anaitthalai, Semmerikulam.","1.Semmarikulam (R.V) And (P) Asirwathapuram Ramasubramaniapuram Block 2 , 2.Semmarikulam (R.V) And (P) Anaithlai, poolikudiyiruppu Thirupani Block 3,99.OVERSEAS ELECTORS"
209,"St. Annis Primary School, North Portion, Keela Ramasamypuram, Nangaimozhi.","1.Nangaimozhi (R.V) And (P) Nangaimozhi block 1 , 2.Nangaimozhi (R.V) And (P) Elanganathapuram Block 2 , 3.Nangaimozhi (R.V) And (P) Dharamapuri colony Block 4 , 4.Nangaimozhi (R.V) And (P) Melaramasamypuram Block 6 , 5.Nangaimozhi (R.V) And (P) Anaiyour Block 7,99.OVERSEAS ELECTORS"
210,"St. Annis High School, North Side, East Portion, Keelaramasamyapuram","1.Nangaimozhi (R.V) And (P) Kelaramasamypuram block 5 , 2.Nangaimozhi (R.V) And (P) Adaikalapuram Block 3,99.OVERSEAS ELECTORS"
211,"T.N.D.T.A. Primary School Marudhoorkarai, Y.M.C.A BuildingLakshmipuram","1.Lakshmipuram (R.V) And (P) Lakshmipuram Maruthurkarai block 1 , 2.Lakshmipuram (R.V) And (P) Kumaralakshmipuram, Chitanvilai Block 3 , 3.Lakshmipuram (R.V) And (P) Ramanathapuram Block 3 , 4.Lakshmipuram (R.V) And (P) Vagaivilai Block 4,99.OVERSEAS ELECTORS"
212,"T.N.D.T.A Primary SchoolArockiapuram, Lakhsmipuram","1.Lakshmipuram (R.V) And (P) Sankaralingapuram Poologapandivilai block 5 , 2.Lakshmipuram (R.V) And (P) Arockkyapuram Block 6,99.OVERSEAS ELECTORS"
213,"Ambrose Boys Hr.Sec School Old Students Bulding,Meignanapuram","1.Mejagannapuram (R.V) And (P) Madathuvilai block 1,99.OVERSEAS ELECTORS"
214,"Ambrose boys Hr.Sec.School Central Building, South Portion, Meignanapuram","1.Meignanapuram (R.V) And (P) School street block 2 , 2.Meignanapuram (R.V) And (P) North Street Block 3 , 3.Meignanapuram (R.V) And (P) Marudhoorkarai Block-9 , 4.Meignanapuram (R.V) And (P) Shanthapuram Block 10 , 5.Meignanapuram (R.V) And (P) Elanganathapuram Block 1,99.OVERSEAS ELECTORS"
215,"Eliot Tuxford Girls Hr. Sec.School South Block Class XII th A1,Meignanapuram","1).Meignanapuram (R.V) And (P) Rottustreet block 4 , 2).Meignanapuram (R.V) And (P) Navaladivilai Block 5 , 3) Meignanapuram (R.V) And (P) Muthulakshmipuram Block 6 , ,99.OVERSEAS"
216,"Eliot Tuxford Girls Hr. Sec.School South Block Class XII th A,Meignanapuram","1) Meignanapuram (R.V) And (P) Manikapuram Block 7 , 2) Meignanapuram (R.V) And (P) Kumarasamypuram Block 8,99.OVERSEAS ELECTORS"
217,"T.N.D.T.A Bishop Azaria Memorial Primary School EastPortion,Vellalanvilai","1.Manaduthandupathu (R.V) , Velalanvilai (P) Seeranisalai ,Koravialai ,Kuttatharvilai block 1 , 2.Manaduthandupathu (R.V),Velalanvilai (P) Suthanthara Nagar North Street Block 2 , 3.Manaduthandupathu (R.V), Vellalanvilai (P) Suthanthiranagar SouthStreet Block-3,99.OVERSEAS ELECTORS"
218,"T.N.D.T.A Bisoph Azaria Momorial Primary School West Portion,Vellalanvilai","1.Manaduthandupathu (R.V), Velalanvilai (P) Nainarpuram Keela Street Mela Street Block 4 , 2.Manaduthandupathu (R.V),Velalanvilai (P) Velalanvilai Mela Street Block 5 , 3.Manaduthandupathu (R.V), Velalanvilai (P) Velalanvilai KeelaStreet nadustreet Block 6,99.OVERSEAS ELECTORS"
219,"Shunmugakani Ammal Memorial Panchayat Union MiddleSchool, East PortionThandupathu","1.Manaduthandupathu (R.V) And (P) Thandapathu north street block 1 , 2.Manaduthandupathu (R.V) And (P) Thandapathu South Street Block 2 , 3.Manaduthandupathu (R.V) And (P) Thandapathu Mela Street Puducolony Block 3 , 4.Manaduthandupathu (R.V) And (P) Athiyadithattu Block 4,99.OVERSEAS ELECTORS"
220,"T.N.D.T.A. Primary School, Eastern PortionChidambarapuram Thandupathu","1.Manaduthandupathu (R.V) And (P) Chettivillai block 5 , 2.Manaduthandupathu (R.V) And (P) Chidambarapuram MathaKovil St., (Chidambarapuram ) Mela Street Block 6 , 3.Manaduthandupathu (R.V) And (P) Manadu Block 7,99.OVERSEAS ELECTORS"
221,"T.N.D.T.A Middle School East Building,Seerkatchi","1.Manaduthandupathu (R.V), Seerkatchi (P) Vijayanarayanapuram Block 1 , 2.Manaduthandupathu (R.V),Seerkatchi (P) Sheerkachi Keelatheru Block 2 , 3.Manaduthandupathu (R.V), Seerkatchi (P) Seerkatchi MelaStreet Block 3 , 4.Manaduthandupathu (R.V), Seerkatchi (P) Veerabhakupuram Block 4,99.OVERSEAS ELECTORS"
222,"Panchayat Union Primary school, western portionNainarPathu","1.Manaduthandupathu (R.V), Nainarpathu (P) Inam Nainarpathu block 1 , 2.Manaduthandupathu (R.V), Nainarpathu (P) Ammanpuram Block 2 , ,99.OVERSEAS ELECTORS"
223,Panchayat Union Primary School Eastern PortionNainarPathu,"1.Manaduthandupathu (R.V), Nainarpathu (P) Ponvandu Ayyanarpuram Nainarpathu Block 3 ,2.Manaduthandupathu (R.V),Nainarpathu (P) Thaikkavoor keela Street, West Street, South Street Block 4,99.OVERSEAS ELECTORS"
224,"Panchayat Union Middle School, Naina Pillai Street, East Building SouthRoom(8th Std Class)Kalankudieruppu-1","1.Udankudi (S.G.T.P) Sivalvilaipudur North Street Ward 1 , 2.Udankudi (S.G.T.P) Sivaivillapudur South Street ward 1 , 3.Udankudi (S.G.T.P) North Subbramaniapuram Ward 1 , 4.Udankudi (S.G.T.P) North kalan kuddirupu east street ward 1 , 5.Udankudi (S.G.T.P) School Street Ward 1 , 6.Udankudi (S.G.T.P) Mutharamman kovil Street Ward 1 , 7.Udankudi (S.G.T.P) Vadakkukudieruppu Vadakku Street Ward1 , 8.Udankudi (S.G.T.P) North Kalan Kudiruppu VellangkudiStreet Ward 1 , 9.Udankudi (S.G.T.P) Sivalvillai pudur Road Ward 1 , 10.Udankudi (S.G.T.P) Sivalvilaipudur Center Street 1 , 11.Udankudi (S.G.T.P) Sivalvilaipudur West street ward 1, 12.Udankudi (S.G.T.P) Nadukkadak Street Ward 3 ,99.OVERSEAS ELECTORS"
225,"Panchayat Union Middle School, Naina Pillai Street, East Building North side Room VIth StdKalankudieruppu","1.Udankudi (S.G.T.P) Pichakuvillai colony ward 2 , 2.Udankudi (S.G.T.P) PeriyaStreet Ward 2 , 3.Udankudi (S.G.T.P) Kothuwappallivasal Street Ward 3 , 5.Udankudi (S.G.T.P) Natukkalankudiruppu North Street Ward 3 , 6.Udankudi (S.G.T.P) Nadukkalankudiyeruppu West Street Ward -3,99.OVERSEAS ELECTORS"
226,"Najath Nursery and Primary School, UdangudiUdangudi","1.Udankudi (S.G.T.P) Santhaiyadi Street ward 17 , 2.Udankudi (S.G.T.P) CoolaStreet Ward 17 , 3.Udankudi (S.G.T.P) kalan Kudiruppu Ward 17 , 4.Udankudi (S.G.T.P) Nadukkadai SawyakkaraStreet Ward 17 , 5.Udankudi (S.G.T.P) VannarkudiStreet Ward 4 6..Udankudi (S.G.T.P) Kombudaiyar Street Ward 4 , 7.Udankudi (S.G.T.P) Kalam Pudu Street Ward 4 ,,99.OVERSEAS ELECTORS"
227,"St. Antony R.C. Middle School, South Building, West Hall,Udangudi","1.Udankudi (S.G.T.P) Suntanpuram south street ward 5 , 2.Udankudi (S.G.T.P) Nadukkadai colony Ward 5 , 3.Udankudi (S.G.T.P) Sulthanpuram North Street Ward 5 , 4.Udankudi (S.G.T.P) Sulthanpuram Sandu Ward 5 , 5.Udankudi (S.G.T.P) Pudhu Colony Ward 5 , 6.Udankudi (S.G.T.P) Colony Road Ward 5 , 7.Udankudi (S.G.T.P) Udankudi colony North Street Ward 5 , 8.Udankudi (S.G.T.P) Udankudi Colony Southu Street Ward 5,99.OVERSEAS ELECTORS"
228,"St. Antony R.C. Middle School, South Building, East Hall,Udangudi","1.Udankudi (S.G.T.P) Pudumanai Pudhu Street Ward 5 , 2.Udankudi (S.G.T.P) Villi Kudiyiruppu Ward 7 , 3.Udankudi (S.G.T.P) Pudhumanai pallivaasal street ward 8,99.OVERSEAS ELECTORS"
229,"St. Antony R.C. Middle School, North Building, West Hall,Udangudi","1.Udankudi (S.G.T.P) Kottaivillai colony Ward 8 , 2.Udankudi (S.G.T.P) Kottaivillai colony south Street Ward 8 , 3.Udankudi (S.G.T.P) Kottaivillai Puducolony Ward 8 , 4.Udankudi (S.G.T.P) Subramaniapuram South Street Ward 9 , 5.Udankudi (S.G.T.P) Subbramaniapuram North Street Ward 9 , 6.Udankudi (S.G.T.P) Satharakkonvilaisanthu Ward 9,99.OVERSEAS ELECTORS"
230,"St. Antony R.C. Middle School, North Building, Middle Hall,Udangudi","1.Udankudi (S.G.T.P) Santhaikadai Street Ward 6 , 2.Udankudi (S.G.T.P) North Street Ward 6 , 3.Udankudi (S.G.T.P) Nadutheru Ward 6 , 4.Udankudi (S.G.T.P) Keela Street Ward 6 , 5.Udankudi (S.G.T.P) Keela Pudu Street Ward 6 , 6.Udankudi (S.G.T.P) Thesayanvillai Road ward 6 , 7.Udankudi (S.G.T.P) Bustand Road Ward 6 , 8.Udankudi (S.G.T.P) Melastreet ward 6 , 9.Udankudi (S.G.T.P) Mowlakudi Street Ward 7 , 10.Udankudi (S.G.T.P) Fernandos Street Ward 7 , 11.Udankudi (S.G.T.P) Parather Street Sandu ward 7 , 12.Udankudi (S.G.T.P) PerungkadaiStreet Ward 7 , 13.Udankudi (S.G.T.P) R.C. Kovil Street 7 , 14.Udankudi (S.G.T.P) South Street Ward 7,99.OVERSEAS ELECTORS"
231,"Panchayat Union Middle school Central Hall,Idacchivilai","1.Udankudi (S.G.T.P) Thandavankadu Road ward 10 , 2.Udankudi (S.G.T.P) Muthaukrishnapuram North Street Ward 10 , 3.Udankudi (S.G.T.P) Muthukrishnapuram KeelaStreet Ward 10 , 4.Udankudi (S.G.T.P) Lakshmipuram NOrth Street Ward 10 , 5.Udankudi (S.G.T.P) Lakshmipuram south Street Ward 10 , 6.Udankudi (S.G.T.P) Muthukrishnapuram South Street Ward 10 ,7.Udankudi (S.G.T.P) Muthukrishnapuram PeriaStreet Ward 10 , 8.Udankudi (S.G.T.P) Muthukrishnapuram MelaStreet Ward 10 , 9.Udankudi (S.G.T.P) Idaychivillai Ward 10 , 10.Udankudi (S.G.T.P) Kottankadu South Street Ward 10 , 11.Udankudi (S.G.T.P) Kottankadu North Street Ward 10 , 12.Udankudi (S.G.T.P) Kottankaadu colony Ward 10,99.OVERSEAS ELECTORS"
232,"Mary Ann Best Girls Hr,sec School, Main Building , Middle Room ,11thStd D.D.M Room,Pandaranchettivilai","1.Udankudi (S.G.T.P) pandarangchettyvillai South Street Ward 11 , 2.Udankudi (S.G.T.P) Pandaranchetteyvillai North Street Ward 11 , 3.Udankudi (S.G.T.P) Thandavankadu Road Ward 11 , 4.Udankudi (S.G.T.P) Thanganagaram Ward 11 , 5.Udankudi (S.G.T.P) Renkanathapuram Keela Street Ward 11 , 6.Udankudi (S.G.T.P) Renkanathapuram West Street Ward 11 , 7.Udankudi (S.G.T.P) Satharakonvillai South Street Ward 11 , 8.Udankudi (S.G.T.P) Satharanakonvillai North Street Ward 11,99.OVERSEAS ELECTORS"
233,"Mary Ann Best Girls Hr.sec.School, North Building Class 8th C,Pandaranchettivilai","1.Udankudi (S.G.T.P) Santhaiyadiuor Mutharamman kovil Street Ward 11 , 2.Udankudi (S.G.T.P) Thandavankadu Road Ward 12 , 3.Udenkudi (S.G.T.P) Santhaiyadiur South Street Ward 12 , 4.Udankudi (S.G.T.P) Santhaiyadiuor Narayansamy Street Ward 12 , 5.Udankudi (S.G.T.P) Pandaravillai Ward 12 , 6.Udankudi (S.G.T.P) Sathiyanagaram Ward 12 , 7.Udankudi (S.G.T.P) Somathapuram Ward 12 , 8.Udankudi (S.G.T.P) Somanathapuram South Street Ward-12,99.OVERSEAS ELECTORS"
234,"Mary Ann Best Girls Hr.Sec School, SouthPortion Main Building,Pandaranchettivilai","1.Udankudi (S.G.T.P) Pudumanai MelaStreet (Pudustreet ) Ward 8 , 2.Udankudi (S.G.T.P) Pudumanai North Street Ward 8 , 3.Udankudi (S.G.T.P) Santhaiyadiuor Natu Street Ward 13 , 4.Udankudi (S.G.T.P) Santhaiyadiuor Meluor Ward 13 , 5.Udankudi (S.G.T.P) Mariyamalpuram Ward 13 , 6.Udankudi (S.G.T.P) Thesayanvillai Road Ward 13 , 7.Udankudi (S.G.T.P) Santhaiyadiuor MutharammankovilStreet Ward 13,99.OVERSEAS ELECTORS"
235,"T.N.D.T.A Boys Hr. Sec School East Portion, East Building,Christianagaram","1.Udankudi (S.G.T.P) Christeyanagaram North Street Ward 15 , 2.Udankudi (S.G.T.P) Christeya Nagaram South Street Ward 15 , 3.Udankudi (S.G.T.P) ChristeyaNagaram Center Street Ward 15 , 4.Udankudi (S.G.T.P) Sathiya moorthy Bazhar Ward 15,99.OVERSEAS ELECTORS"
236,"T.N.D.T.A Boys Hr.Sec School,East Portion New Building,Class Xth A,Christianagaram","1.Udankudi (S.G.T.P) Kattuvathattu street ward 14 , 2.Udankudi (S.G.T.P) Vaithaiyalingapuram East Street Ward 14 , 3.Udankudi (S.G.T.P) Vaithaiyalingapuram EdakkudiStreet Ward 14 , 4.Udankudi (S.G.T.P) Vaitheiyalingapuram KammalarSouth Street Ward 14 , 5.Udankudi (S.G.T.P) Vaithelingapuram KamalarNorth Street Ward 14 , 6.Udankudi (S.G.T.P) Perumal sanathiStreet Ward 14 , 7.Udankudi (S.G.T.P) VaitheiyalingapuramMelaStreet Ward 14 , 8.Udankudi (S.G.T.P) Vaithaiyalingapuram MelaStreet2 Ward 14,99.OVERSEAS ELECTORS"
237,"T.N.D.T.A Boys Hr.Sec School, Western New Building,Xstd D,Muslim Wellwishers Block,Chstianagaram","1.Udankudi (S.G.T.P) Venkatachalapuram north street ward 16 , 2.Udankudi (S.G.T.P) Venkatachalapuram South Street Ward16 , 3.Udankudi (S.G.T.P) Venkatachalapuram East Street Ward 16 , 4.Udankudi (S.G.T.P) Pillaiyar Periavanthattu South Street Ward 15 , 5.Udankudi (S.G.T.P) Pillaiyar Periyavan thattu Sandu Ward 16 , 6.Udankudi (S.G.T.P) Venkatachalapuram East Street 1 Ward 16 , 7.Udankudi (S.G.T.P) Venkatachalapuram West Street 2 Ward 16 , 8.Udankudi (S.G.T.P) Pillaiyar periyavanthattu North Street Ward 16 , 9.Udankudi (S.G.T.P) Venkatachalapuram west Street 3,99.OVERSEAS ELECTORS"
238,"Panchayat Union Primary School West Building,Peria street, Kalankudiyiruppu","1.Udankudi (S.G.T.P) Nainar Pillai Street Ward 18 , 2.Udankudi (S.G.T.P) ChedambaraStreet Ward 18 , 3.Udankudi (S.G.T.P) Mohiden Pudu Street Ward 18,99.OVERSEAS ELECTORS"
239,"Panchayat Union Primary School North Building,Chettiyapatthu","1.Chettiapathu (R.P) And (P) Chettiapathu Block 2 , 2.Chettiapathu (R.V) And (P) Vathiyarkudiruppu Block 9 , 3.Chettiapathu (R.V) And (P) Muthukrishnapuram Block 10 , 4.Chettiapathu (R.V) And (P) Kumaralakshmipuram Block 1 , 5.Chettiapathu (R.V) And (P) Arunachalapuram Block 2,99.OVERSEAS ELECTORS"
240,T.N.D.T.A Primary School South PortionTherioor,"1.Chettiapathu (R.V) And (P) Theriuor Melpuram Block 3 , 2.Chettiapathu (R.V) And (P) Theriuor Keelpuram Block 4,99.OVERSEAS ELECTORS"
241,T.N.D.T.A Primary School North PortionTherioor,"1.Chettiapathu (R.V) And (P) Aandivillai Block 1 , 2.Chettiapathu (R.V) And (P) Sivaluor Block 5 , 3.Chettiapathu (R.V) And (P) Kottankadu Block 6 , 4.Chettiapathu (R.V) And (P) Thangai Pandarapuram Block 7 , 5.Chettiapathu (R.V) And (P) Thangai Ramachandrapuram Block 8,99.OVERSEAS ELECTORS"
242,"TN.D.T.A Middle School, West Building East SideMeioor","1.Venkataramanujapuram (R.V) And (P) Narayanapuram Block 1 , 2.Venkataramanujapuram (R.V) And (P) Subbramaniyapuram Block 1 , 3.Venkataramanujapuram (R.V) And (P) Mayoor Block 12 , 4.Venkataramanujapuram (R.V) And (P) Venkataramanujapuram Kasbha Block 13 , 5.Venkataramanujapuram (R.V) And (P) Thangaikailasapuram Block 14,99.OVERSEAS ELECTORS"
243,Panchayat Union Primary SchoolPiraikudieruppu,"1.Venkataramanujapuram (R.V) And (P) Ramasamydharmapuram Block 8 , 2.Venkataramanujapuram (R.V) And (P) Braikudiruppu Block 9 , 3.Venkataramanujapuram (R.V) And (P) Kaliyanvillai Block 10 , ,99.OVERSEAS ELECTORS"
244,"Panchayat Union Primary School, UthiramadankudieruppuUthiramaadank udieruppu","1.Venkataramanujapuram (R.V) And (P) Uthiramadankudiruppu Block 6 , 2.Venkataramanujapuram (R.V) And (P) Sembulinagapuram Block 6 , 3.Venkataramanujapuram (R.V) And (P) Kandasamypuram Block 7,99.OVERSEAS ELECTORS"
245,"Govt High School, Venkatramanujapuram, New Building East PortionUthiramaadankudieruppu","1.Venkataramanujapuram (R.V) And (P) Kandapuram Block 2 , 2.Venkataramanujapuram (R.V) And (P) Madavillai Annanagar Block 3 , 3.Venkataramanujapuram (R.V) And (P) Nesapuram Block 4 , 4.Venkataramanujapuram (R.V) And (P) Uthiramadankudiruppu Block 6 ,,99.OVERSEAS ELECTORS"
246,Panchayat Union Primery School West SideGnaniaarkudiyiruppu,"1.Athiyakuruchi (R.V) And (P) Teethathapuram Block 1 , 2.Athiyakuruchi (R.V) And (P) Gnnear kuddiruppu Block 2 , 3.Athiyakuruchi (R.V) And (P) Vedakottavillai Block 3 , 4.Athiyakuruchi (R.V) And (P) Ramasamypuram Block 4,99.OVERSEAS ELECTORS"
247,PandarasivanSenthilArumugam Memorial Middle SchoolKulasekarapattinam,"1.Kulasekaranpattinam (R.V) And (P) Melaratha Veethi Block 1 , 2.Kulasekaranpattinam (R.V) And (P) South car Street Block 1 , 3.Kulasekaranpattinam (R.V) And (P) Perumal Kovil Street Block 1 , 4.Kulasekaranpattinam (R.V) And (P) Yadavar East Street Block 1 , 5.Kulasekaranpattinam (R.V) And (P) Yadavar South East Street Block 1,99.OVERSEAS ELECTORS"
248,Pandarasivan SenthilArumugam Memory Middle School K S Anantha Kumar Memorial Block South PortionKulasekarapattinam,"1.Kulasekaranpattinam (R.V) And (P) Karunkaliamman sannathi Street Block 1 , 2.Kulasekaranpattinam (R.V) And (P) Karungkaliamman sannathi West Street Block 1 , 3.Kulasekaranpattinam (R.V) And (P) Pudustreet Block 2,99.OVERSEAS ELECTORS"
249,Pandarasivan SenthilArumugam Memory Middle School K S Anantha Kumar Memorial Block North PortionKulasekarapattinam,"1.Kulasekaranpattinam (R.V) And (P) West Street Block 2 , 2.Kulasekaranpattinam (R.V) And (P) Maruthuvar Street Block 2 , 3.Kulasekaranpattinam (R.V) And (P) Center Street Block 2 , 4.Kulasekaranpattinam (R.V) And (P) South Street Block 2 , 5.Kulasekaranpattinam (R.V) And (P) Udayamarthandan Vinayagar Kovil Street Block 2 , 6.Kulasekaranpattinam (R.V) And (P) Mela Aandi Street Block 2 , 7.Kulasekaranpattinam (R.V) And (P) Mubbedariammankovil sanathi keela Street Block 3 , 8.Kulasekaranpattinam (R.V) And (P) Keelamarakkudi Street Block 3,99.OVERSEAS ELECTORS"
250,T.N.D.T.A Primary SchoolKulasekarapattinam,"1.Kulasekaranpattinam (R.V) And (P) Vadakoor block 1 , 2.Kulasekarapattanam (R.V) And (P) Kallamoli Block 1,99.OVERSEAS ELECTORS"
251,"Thiru Arul High Sec. School, North Building East portionKulasekarapattinam","1.Kulasekaranpattinam (R.V) And (P) Muthuaramman Melamalayan Street Block 3 , 2.Kulasekaranpattinam (R.V) And (P) Vaniyakudi Street Block 3 , 3.Kulasekaranpattinam (R.V) And (P) Melaravutharpalayam Block 3 , 4.Kulasekaranpattinam (R.V) And (P) Keelaraovuther palayam Block 3 , 5.Kulasekaranpattinam (R.V) And (P) Kothuwapallivasal South Street Block 4 , 6.Kulasekaranpattinam (R.V) And (P) Kothuvapallivasal Sannathi Street Block 4 , 7.Kulasekaranpattinam (R.V) And (P) Vadakkanar Street Block 4 , 8.Kulasekaranpattinam (R.V) And (P) Pandakasalai Street Block 4 , 9.Kulasekaranpattinam (R.V) And (P) Kothuwapallivasal North Street Block 4,99.OVERSEAS ELECTORS"
252,"Thiru Arul Hr. Sec School North Building West Portion,Kulasekarapattinam","1.Kulasekaranpattinam (R.V) And (P) Xaiver Koil Sannathi Street Block 3 , 2.Kulasekaranpattinam (R.V) And (P) Xavier kovil Kurukku Street Block 3 , 3.Kulasekaranpattinam (R.V) And (P) Xavierkovil Street Block 3 , 4.Kulasekaranpattinam (R.V) And (P) Mutharammankovil Street Keelamalayan Street Block 3 , 5.Kulasekaranpattinam (R.V) And (P) Katcherry Street Block 3 , 6.Kulasekaranpattinam (R.V) And (P) Sawyakkarakudi Street Block 3 , 7.Kulasekaranpattinam (R.V) And (P) Melamarakkudi Street Block 3,99.OVERSEAS ELECTORS"
253,"Hasania Middle School, Southern End East building, Northern Side,Hasania Street , Kulasekarapattinam","1.Kulasekaranpattinam (R.V) And (P) Melapudustreet Block 4 , 2.Kulasekaranpattinam (R.V) And (P) Keela Pudustreet Block 5 , 3.Kulasekaranpattinam (R.V) And (P) Hasaniya Street Block 5 , 4.Kulasekaranpattinam (R.V) And (P) Madasamypuram Block 5 , 5.Kulasekaranpattinam (R.V) And (P) Mangalapuram Theyakarajapruam Block 5 , 6.Kulasekaranpattinam (R.V) And (P) Ianthuvarna Street Block 5 , 7.Kulasekaranpattinam (R.V) And (P) Mohaiden Street Block 5,99.OVERSEAS ELECTORS"
254,"Hasania Middle School west building, Hasania Street , Kulasekarapattinam","1.Kulasekaranpattinam (R.V) And (P) Kathireya sanathi Street Block 5 , 2.Kulasekaranpattinam (R.V) And (P) Vannakkudistreet Block 5 , 3.Kulasekaranpattinam (R.V) And (P) Kathereya South Street Block 5 , 4.Kulasekaranpattinam (R.V) And (P) Bharathi Street Block 5 , 5.Kulasekaranpattinam (R.V) And (P) Anukoolapuram block 5,99.OVERSEAS ELECTORS"
255,"St. Joseph Higher Secondary School West Side VictoriaHall, XII th StdManappad","1.Manapadu (R.V) And (P) Raja Street Block 1 (Door No.01 - 116),99.OVERSEAS ELECTORS"
256,"St. Joseph Higher Secondary School East Side VictoriaHall, Xth StdManappad","1.Manapadu (R.V) And (P) Raja Street Block 1 (Door No.117 - 742), 2.Manapadu (R.V) And (P) Kadarkarai Street Block 1,99.OVERSEAS ELECTORS"
257,St. Joseph Hr. Sec. School Centrnare Hall Manappad,"1.Manapadu (R.V) And (P) James Street Block 2 , 2.Manapadu (R.V) And (P) Middle Street Block 2 , 3.Manapadu (R.V) And (P) Pudhu & Gundal Street Block 3,99.OVERSEAS ELECTORS"
258,"St. Joseph Hr. Sec. School Golden Jubilee Building, North Portion 9AManappadu","1.Manapadu (R.V) And (P) Periakovil Sannathi Street Block 3 , 2.Manapadu (R.V) And (P) Meenavar colony Light house Street Block 3,99.OVERSEAS ELECTORS"
259,"St. Joseph Hr. Sec. School South Portion, Typing Class Room, Victoria HallManappad","1.Manapadu (R.V) And (P) North Street Block 2 , 2.Manapadu (R.V) And (P) Malai Street Block 3 , 3.Manapadu (R.V) And (P) Lawsus Street Block 4 , .4Manapadu (R.V) And (P) Pudu Kudiyetru Block 4 , 5.Manapadu (R.V) And (P) Puspa Street Block 4 , 6.Manapadu (R.V) And (P) Sabapathypuram Block 4,99.OVERSEAS ELECTORS"
260,R.M.V. Middle SchoolSiruNadarkudiyiruppu,"1.Kulasekarapattinam (R.V), Sirunadarkudiruppu (P) Kandasamypuram Block 1 , 2.Kulasekarapattinam (R.V), Sirunadarkudiruppu (P) Meluor Block 2 , 3.Kulasekarapattinam (R.V), Sirunadar Kudieruppu (P) SirunadarKudieruppu Vadapagam Block 3 , 4.Kulasekarapattinam (R.V), Sirunadar Kudieruppu (P) South Street Block 4,99.OVERSEAS ELECTORS"
261,"Hindu Primary School, East Portion,Thandavankaadu, Madhavankurichi","1.Madhavankuruchi (R.V) And (P) Karangkadu Block 1 , 2.Madhavankuruchi (R.V) And (P) Kuodal Nagar Block 1 , 3.Madhavankuruchi (R.V) And (P) Thandavankadu Block 2 , 4.Madavan Kuruchi (R.V) And (P) Narayanapuram Block 3,99.OVERSEAS ELECTORS"
262,Hindu Primary School west buildingMadhavankurichi,"1.Madhavankuruchi (R.V) And (P) Madhavankuruchi Meluor Block 4 , 2.Madhavankuruchi (R.V) And (P) Madhavankuruchi keelur Block 5 , 3.Madhavankuruchi (R.V) And (P) Madhavankuruchi Amarapuram Block 6,99.OVERSEAS ELECTORS"
